BIC Subject Code is exactly,AND any BIC Subj present with stem ,AND other BIC Subj present is exactly,AND any BIC Qual present with stem ,"AND
BIC Qual present  is exactly","AND
BIC Qual present is exactly ","AND
BIC Qual NOT present","AND
BIC Qual NOT present",>>,Only if input code not yet mapped ,Thema Subj 1,Thema Subj 2,Thema Subj 3,Thema Qual 1,Thema Qual 2,Thema Qual 3,Note,
A,,,,,,,,,,A,,,,,,,
AB,,,,,,,,,,AB,,,,,,,
ABA,,,,,,,,,,ABA,,,,,,,
ABC,,,,,,,,,,ABC,,,,,,,
ABK,,,,,,,,,,ABK,,,,,,,
ABQ,,,,,,,,,,ABQ,,,,,,,
AC,,,,,,,,,,AGA,,,,,,,
ACB,,,,,,,,,,AGA,,,,,,,
ACBK,,,,,,,,,,AGA,,,5PBA,6JN,,,
ACBN,,,,,,,,,,AGA,,,6NA,,,,
ACBP,,JFSR2,,,,,,,,AGA,,,6JL,,,,
ACBP,,,,,,,,,else,AGA,,,1FP,,,,
ACBS,,,,,,,,,,AGA,,,6CP,,,,
ACC,,,,,,,,,,AGA,,,6PJ,,,,
ACG,,,,,,,,,,AGA,,,6CA,,,,
ACK,,,,,,,,,,AGA,,,6MB,,,,
ACN,,,,,,,,,,AGA,,,3KLY,3MD,,,
ACND,,,,,,,,,,AGA,,,6RC,,,,
ACNH,,,,,,,,,,AGA,,,6MA,,,,
ACQ,,,,,,,,,,AGA,,,3MG,3ML,,,
ACQB,,,,,,,,,,AGA,,,6BA,,,,
ACQH,,,,,,,,,,AGA,,,6NH,,,,
ACV,,,,,,,,,,AGA,,,3MN,,,,
ACVC,,,,,,,,,,AGA,,,6RA,,,,
ACVM,,,,,,,,,,AGA,,,6PL,,,,
ACVN,,,,,,,,,,AGA,,,6AF,,,,
ACVT,,,,,,,,,,AGA,,,6JA,6PC,,,
ACVY,,,,,,,,,,AGA,,,6AD,,,,
ACX,,,,,,,,,,AGA,,,3MP,,,,
ACXD,,,,,,,,,,AGA,,,3MPB,,,,
ACXD1,,,,,,,,,,AGA,,,6EF,,,,
ACXD2,,,,,,,,,,AGA,,,6MC,,,,
ACXD3,,,,,,,,,,AGA,,,6AC,,,,
ACXD5,,,,,,,,,,AGA,,,6CB,,,,
ACXD7,,,,,,,,,,AGA,,,6SA,,,,
ACXD9,,,,,,,,,,AGA,,,6AB,,,,
ACXJ,,,,,,,,,,AGA,,,3MPQ,,,,
ACXJ1,,,,,,,,,,AGA,,,6PA,,,,
ACXJ4,,,,,,,,,,AGA,,,6MF,,,,
ACXJ5,,,,,,,,,,AGA,,,6CK,,,,
ACXJ8,,,,,,,,,,AGA,,,6PD,,,,
AF,,,,,,,,,,AF,,,,,,,
AFC,,,,,,,,,,AFC,,,,,,,
AFCC,,,,,,,,,,AFCC,,,,,,,
AFCL,,,,,,,,,,AFCL,,,,,,,
AFF,,,,,,,,,,AFF,,,,,,,
AFH,,,,,,,,,,AFH,,,,,,,
AFJ,,,,,,,,,,AFJ,,,,,,,
AFJD,,,,,,,,,,AFJ,,,,,,,
AFJG,,,,,,,,,,AFJ,,,,,,,
AFK,,,,,,,,,,AFK,,,,,,,
AFKB,,,,,,,,,,AFKB,,,,,,,
AFKC,,,,,,,,,,AFKC,,,,,,,
AFKG,,,,,,,,,,AFKG,,,,,,,
AFKN,,,,,,,,,,AFKN,,,,,,,
AFKP,,,,,,,,,,AFKP,,,,,,,
AFKV,,,,,,,,,,AFKV,,,,,,,
AFP,,,,,,,,,,AFP,,,,,,,
AFPC,,,,,,,,,,AFP,,,,,,,
AFPM,,,,,,,,,,AFP,,,,,,,
AFPS,,,,,,,,,,AFP,,,,,,,
AFT,,,,,,,,,,AFT,,,,,,,
AFTB,,,,,,,,,,AFT,,,6FD,,,,
AFTC,,,,,,,,,,AFT,,,6CC,,,,
AFW,,,,,,,,,,AFW,,,,,,,
AFWD,,,,,,,,,,AFW,,,,,,,
AFWH,,,,,,,,,,AFW,,,,,,,
AFY,,,,,,,,,,AFJY,,,,,,,
AG,,,,,,,,,,AG,,,,,,,
AGB,,,,,,,,,,AGB,,,,,,,
AGC,,,,,,,,,,AGC,,,,,,,
AGH,,,,,,,,,,AGH,,,,,,,
AGHF,,,,,,,,,,AGHF,,,,,,,
AGHN,,,,,,,,,,AGHN,,,,,,,
AGHX,,,,,,,,,,AGHX,,,,,,,
AGK,,,,,,,,,,AGK,,,,,,,
AGN,,,,,,,,,,AGN,,,,,,,
AGNB,,,,,,,,,,AGNB,,,,,,,
AGP,,,,,,,,,,AGP,,,,,,,
AGR,,,,,,,,,,AGR,,,,,,,
AGZ,,,,,,,,,,AGZ,,,,,,,
AJ,,,,,,,,,,AJ,,,,,,,
AJB,,,,,,,,,,AJCD,,,,,,,
AJC,,,,,,,,,,AJC,,,,,,,
AJCP,,,,,,,,,,AJC,,,,,,,
AJCR,,,,,,,,,,AJF,,,,,,,
AJCX,,,,,,,,,,AJCX,,,,,,,
AJG,,,,,,,,,,AJT,,,,,,,
AJR,,,,,,,,,,AJTF,,,,,,,
AJRD,,,,,,,,,,AJTF,,,,,,,
AJRH,,,,,,,,,,AJTV,,,,,,,
AJRK,,,,,,,,,,AJTF,,,,,,,
AK,,,,,,,,,,AK,,,,,,,
AKB,,,,,,,,,,AKB,,,,,,,
AKC,,,,,,,,,,AKC,,,,,,,
AKD,,,,,,,,,,AKD,,,,,,,
AKH,,,,,,,,,,AKH,,,,,,,
AKL,,,,,,,,,,AKL,,,,,,,
AKLB,,,,,,,,,,AKLB,,,,,,,
AKLC,,,,,,,,,,AKLC,,,,,,,
AKLC1,,,,,,,,,,AKLC1,,,,,,,
AKLP,,,,,,,,,,AKLP,,,,,,,
AKP,,,,,,,,,,AKP,,,,,,,
AKR,,,,,,,,,,AKR,,,,,,,
AKT,,,,,,,,,,AKT,,,,,,,
AKTA,,,,,,,,,,AKT,,,,,,,
AKTH,,,,,,,,,,AKT,AGA,,,,,,
AKTX,,,,,,,,,,AKT,,,,,,,
AM,,,,,,,,,,AM,,,,,,,
AMA,,,,,,,,,,AMA,,,,,,,
AMB,,,,,,,,,,AMB,,,,,,,
AMC,,TNK,,,,,,,,AMCM,,,,,,,
AMC,,TNKX,,,,,,,,AMCM,,,,,,,
AMC,,,,,,,,,else,AMC,,,,,,,
AMCR,,,,,,,,,,AMCR,,,,,,,
AMD,,,,,,,,,,AMD,,,,,,,
AMG,,,,,,,,,,AMG,,,,,,,
AMGC,,,,,,,,,,AMG,,,,,,,
AMGD,,,,,,,,,,AMG,,,,,,,
AMK,,,,,,,,,,AMK,,,,,,,
AMKD,,,,,,,,,,AMK,,,,,,,
AMKH,,,,,,,,,,AMKS,,,,,,,
AMKL,,,,,,,,,,AMKL,,,,,,,
AMN,,,,,,,,,,AMN,,,,,,,
AMR,,,,,,,,,,AMR,,,,,,,
AMV,,,,,,,,,,AMV,,,,,,,
AMVD,,,,,,,,,,AMVD,,,,,,,
AMX,,,,,,,,,,AMX,,,,,,,
AN,,,,,,,,,,ATD,,,,,,,
ANB,,,,,,,,,,ATC,ATD,,,,,,
ANC,,,,,,,,,,ATDC,,,,,,,
ANF,,,,,,,,,,ATDF,,,,,,,
ANH,,,,,,,,,,ATDH,,,,,,,
ANS,,,,,,,,,,ATDS,,,,,,,
AP,,,,,,,,,,ATF,ATJ,,,,,,
APB,,,,,,,,,,ATC,,,,,,,
APF,,,,,,,,,,ATF,,,,,,,
APFA,,,,,,,,,,ATFA,,,,,,,
APFB,,,,,,,,,,ATFB,,,,,,,
APFD,,,,,,,,,,ATFD,,,,,,,
APFG,,,,,,,,,,ATFG,,,,,,,
APFN,,,,,,,,,,ATFN,,,,,,,
APFR,,,,,,,,,,ATFR,,,,,,,
APFV,,,,,,,,,,ATFV,,,,,,,
APFX,,,,,,,,,,ATFX,,,,,,,
APT,,,,,,,,,,ATJ,,,,,,,
APTD,,,,,,,,,,ATJD,,,,,,,
APTS,,,,,,,,,,ATJS,,,,,,,
APTX,,,,,,,,,,ATJX,,,,,,,
APW,,,,,,,,,,ATL,,,,,,,
APWD,,,,,,,,,,ATLD,,,,,,,
AS,,,,,,,,,,ATQ,ATX,,,,,,
ASD,,,,,,,,,,ATQ,,,,,,,
ASDC,,,,,,,,,,ATQC,,,,,,,
ASDL,,,,,,,,,,ATQL,,,,,,,
ASDR,,,,,,,,,,ATQR,,,,,,,
ASDT,,,,,,,,,,ATQT,,,,,,,
ASDX,,,,,,,,,,ATQZ,,,,,,,
ASZ,,,,,,,,,,ATX,,,,,,,
ASZB,,,,,,,,,,ATXD,,,,,,,
ASZC,,,,,,,,,,ATX,,,,,,,
ASZD,,,,,,,,,,ATX,,,,,,,
ASZG,,,,,,,,,,ATXF,,,,,,,
ASZH,,,,,,,,,,ATX,,,,,,,
ASZJ,,,,,,,,,,ATX,,,,,,,
ASZM,,,,,,,,,,ATXM,,,,,,,
ASZP,,,,,,,,,,ATXP,,,,,,,
ASZW,,,,,,,,,,ATXC,,,,,,,
ASZX,,,,,,,,,,ATXZ,,,,,,,
AV,,,,,,,,,,AV,,,,,,,
AVA,,,,,,,,,,AVA,,,,,,,
AVC,,,,,,,,,,AVC,,,,,,,
AVD,,,,,,,,,,AVD,,,,,,,
AVG,,,,,,,,,,AVL,,,,,,,
AVGC,,,,,,,,,,AVLA,,,,,,,
AVGC1,,,,,,,,,,AVLA,,,,,,,
AVGC2,,,,,,,,,,AVLA,,,6MB,6RC,,,
AVGC3,,,,,,,,,,AVLA,,,6BA,,,,
AVGC4,,,,,,,,,,AVLA,,,6CA,,,,
AVGC5,,,,,,,,,,AVLA,,,6RA,,,,
AVGC6,,,,,,,,,,AVLA,,,3MP,,,,
AVGC8,,,,,,,,,,AVLC,,,,,,,
AVGC9,,,,,,,,,,AVLF,,,,,,,
AVGD,,,,,,,,,,AVLK,,,,,,,
AVGE,,,,,,,,,,AVLA,,,,,,,
AVGF,,,,,,,,,,AVLP,,,,,,,
AVGG,,,,,,,,,,AVLP,,,,,,,
AVGH,,,,,,,,,,AVLT,,,6FD,,,,
AVGJ,,,,,,,,,,AVLP,,,6JD,,,,
AVGK,,,,,,,,,,AVLP,,,6BM,,,,
AVGL,,,,,,,,,,AVLP,,,6CM,,,,
AVGM,,,,,,,,,,AVLM,,,,,,,
AVGN,,,,,,,,,,AVLP,,,6EB,,,,
AVGP,,,,,,,,,,AVLP,,,6PB,6RF,,,
AVGQ,,,,,,,,,,AVLP,,,6SB,,,,
AVGR,,,,,,,,,,AVLP,,,6RJ,,,,
AVGS,,,,,,,,,,AVLP,,,6RK,,,,
AVGT,,,,,,,,,,AVLP,,,6HA,,,,
AVGU,,,,,,,,,,AVLP,,,6PN,,,,
AVGV,,,,,,,,,,AVLX,,,,,,,
AVGW,,,,,,,,,,AVLW,,,,,,,
AVGZ,,,,,,,,,,AVLP,,,6NK,,,,
AVH,,AVGC1,,,,,,,,AVN,AVLA,,,,,,
AVH,,AVGC2,,,,,,,,AVN,AVLA,,6MB,6RC,,,
AVH,,AVGC3,,,,,,,,AVN,AVLA,,6BA,,,,
AVH,,AVGC4,,,,,,,,AVN,AVLA,,6CA,,,,
AVH,,AVGC5,,,,,,,,AVN,AVLA,,6RA,,,,
AVH,,AVGC6,,,,,,,,AVN,AVLA,,3MP,,,,
AVH,,,,,,,,,else,AVP,AVN,,,,,,
AVQ,,,,,,,,,,AVQ,,,,,,,
AVQS,,,,,,,,,,AVQS,,,,,,,
AVR,,,,,,,,,,AVR,,,,,,,
AVRB,,,,,,,,,,AVP,AVLA,,,,,,
AVRD,,,,,,,,,,AVP,AVLA,,,,,,
AVRG,,,,,,,,,,AVRG,,,,,,,
AVRJ,,,,,,,,,,AVRJ,,,,,,,
AVRL,,,,,,,,,,AVRL,,,,,,,
AVRL1,,,,,,,,,,AVRL,,,,,,,
AVRN,,,,,,,,,,AVRN,,,,,,,
AVRQ,,,,,,,,,,AVRQ,,,,,,,
AVRS,,,,,,,,,,AVRS,,,,,,,
AVS,,,,,,,,,,AVS,,,,,,,
AVX,,,,,,,,,,AVX,,,,,,,
B,,,,,,,,,,DN,,,,,,,
BG,,RGR,,,,,,,,DNBP,,,,,,,
BG,HP,,,,,,,,,DNBM,,,,,,,
BG,J,,,,,,,,,DNBM,,,,,,,
BG,,,,,,,,,else,DNB,,,,,,,
BGA,,RGR,,,,,,,,DNBP1,,,,,,,
BGA,HP,,,,,,,,,DNBM1,,,,,,,
BGA,J,,,,,,,,,DNBM1,,,,,,,
BGA,,,,,,,,,else,DNBA,,,,,,,
BGB,,,,,,,,,,DNBB,,,,,,,
BGBA,,,,,,,,,,DNBB1,,,,,,,
BGF,,,,,,,,,,DNBF,,,,,,,
BGFA,,,,,,,,,,DNBF1,,,,,,,
BGH,,RGR,,,,,,,,DNBP,,,,,,,
BGH,,,,,,,,,else,DNBH,,,,,,,
BGHA,,RGR,,,,,,,,DNBP1,,,,,,,
BGHA,,,,,,,,,else,DNBH1,,,,,,,
BGL,,,,,,,,,,DNBL,,,,,,,
BGLA,,,,,,,,,,DNBL1,,,,,,,
BGR,,,,,,,,,,DNBR,,,,,,,
BGRA,,,,,,,,,,DNBR1,,,,,,,
BGS,,,,,,,,,,DNBS,,,,,,,
BGSA,,,,,,,,,,DNBS1,,,,,,,
BGT,,,,,,,,,,DNBT,,,,,,,
BGTA,,,,,,,,,,DNBT1,,,,,,,
BGX,,,,,,,,,,DNBX,,,,,,,
BGXA,,,,,,,,,,DNBX1,,,,,,,
BJ,,,,,,,,,,DND,,,,,,,
BK,,,,,,,,,,DNBZ,,,,,,,
BM,,,,,,,,,,DNC,,,,,,,
BT,,,,,,,,,,DNX,,,,,,,
BTC,,,,,,,,,,DNXC,,,,,,,
BTH,,,,,,,,,,DNXH,,,,,,,
BTM,,,,,,,,,,DNXM,,,,,,,
BTP,JFFE,,,,,,,,,DNXR,,,,,,,
BTP,,,,,,,,,else,DNXP,,,,,,,
BTX,,,,,,,,,,DNXZ,,,,,,,
C,,,,,,,,,,C,,,,,,,
CB,,,,,,,,,,CB,,,,,,,
CBD,,,,,,,,,,CBD,,,,,,,
CBDX,,,,,,,,,,CBDX,,,,,,,
CBF,,,,,,,,,,CBF,,,,,,,
CBG,,,,,,,,,,CBG,,,,,,,
CBP,,,,,,,,,,CBP,,,,,,,
CBV,,,,,,,,,,CBV,,,,,,,
CBVS,,,,,,,,,,CBVS,,,,,,,
CBW,,,,,,,,,,CBW,,,,,,,
CBWJ,,,,,,,,,,CBW,,,,,,,
CBWT,,,,,,,,,,CBW,,,,,,,
CBX,,,,,,,,,,CBX,,,,,,,
CF,,,,,,,,,,CF,,,,,,,
CFA,,,,,,,,,,CFA,,,,,,,
CFB,,,,,,,,,,CFB,,,,,,,
CFC,,,,,,,,,,CFC,,,,,,,
CFD,,,,,,,,,,CFD,,,,,,,
CFDC,,,,,,,,,,CFDC,,,,,,,
CFDM,,,,,,,,,,CFDM,,,,,,,
CFF,,,,,,,,,,CFF,,,,,,,
CFFD,,,,,,,,,,CFFD,,,,,,,
CFG,,,,,,,,,,CFG,,,,,,,
CFGA,,,,,,,,,,CFG,,,,,,,
CFGR,,,,,,,,,,CFG,,,,,,,
CFH,,,,,,,,,,CFH,,,,,,,
CFK,,,,,,,,,,CFK,,,,,,,
CFL,,,,,,,,,,CFL,,,,,,,
CFLA,,,,,,,,,,CFLA,,,,,,,
CFM,,,,,,,,,,CFM,,,,,,,
CFP,,,,,,,,,,CFP,,,,,,,
CFX,,,,,,,,,,CFX,,,,,,,
CFZ,,,,,,,,,,CFZ,,,,,,,
CJ,,,,,,,,,,CJ,,,,,,,
CJA,,,,,,,,,,CJA,,,,,,,
CJB,,,,,,,,,,CJB,,,,,,,
CJBG,,,,,,,,,,CJBG,,,,,,,
CJBR,,,,,,,,,,CJBR,,,,,,,
CJBT,,,,,,,,,,CJBT,,,,,,,
CJBV,,,,,,,,,,CJB,,,,,,,
CJC,,,,,,,,,,CJC,,,,,,,
CJCK,,,,,,,,,,CJCK,,,,,,,
CJCL,,,,,,,,,,CJCL,,,,,,,
CJCR,,,,,,,,,,CJCR,,,,,,,
CJCW,,,,,,,,,,CJCW,,,,,,,
D,,,,,,,,,,D,,,,,,,
DB,,,,,,,,,,DB,,,,,,,
DC,,,,,,,,,,DC,,,,,,,
DCF,,,,,,,,,,DCF,,,,,,,
DCQ,,,,,,,,,,DCQ,,,,,,,
DD,,,,,,,,,,DD,,,,,,,
DDS,,,,,,,,,,DDA,,,5PX-GB-S,,,,
DN,,,,,,,,,,DN,,,,,,,
DNF,,,,,,,,,,DNL,,,,,,,
DNJ,,,,,,,,,,DNP,,,,,,,
DNS,,,,,,,,,,DNS,,,,,,,
DQ,,,,,,,,,,DNT,,,,,,,
DS,,,,,,,,,,DS,,,,,,,
DSA,,,,,,,,,,DSA,,,,,,,
DSB,,,,,,,,,,DSB,,,,,,,
DSBB,,,,,,,,,,DSBB,,,,,,,
DSBD,,,,3J,,,,,,DSBC,DSBD,,,,,,
DSBD,,,,3JB ,,3JD  ,3JF,,,DSBC,,,,,,,
DSBD,,,,3JB,3JD,,,,,DSBC,DSBD,,,,,,
DSBD,,,,3JD ,,3JB ,,,,DSBD,,,,,,,
DSBD,,,,3JF,,,,,,DSBD,,,,,,,
DSBD,,,,,,,,,else,DSB,,,,,,,
DSBF,,,,,,,,,,DSBF,,,,,,,
DSBH,,,,3JM,,,,,,DSBJ,,,,,,,
DSBH,,,,,,,,,else,DSBH,,,,,,,
DSBH5,,,,,,,,,,DSBH5,,,,,,,
DSC,,,,,,,,,,DSC,,,,,,,
DSG,,,,,,,,,,DSG,,,,,,,
DSGS,,,,,,,,,,DSG,DSBD,,2ACB,5PX-GB-S,,,
DSK,,,,,,,,,,DSK,,,,,,,
DSR,,,,,,,,,,DSR,,,,,,,
DSRC,,,,,,,,,,DSRC,,,,,,,
DSY,,,,,,,,,,DSY,,,,,,,
DSYC,,,,,,,,,,DSYC,,,,,,,
E,,,,,,,,,,CJ,,,2ACB,4LE,,,
EB,,,,,,,,,,CJA,,,2ACB,4LE,,,
EBA,,,,,,,,,,CJA,,,2ACB,4LE,,,
EBAL,,,,,,,,,,CJA,,,2ACB,4LE,,,
EBAR,,,,,,,,,,CJA,,,2ACB,4LE,,,
EBD,,,,,,,,,,CJB,CBD,,2ACB,4LE,,,
EL,,,,,,,,,,CJB,,,2ACB,4LE,,,
ELG,,,,,,,,,,CJBG,,,2ACB,4LE,,,
ELGG,,,,,,,,,,CJBG,,,2ACB,4LE,,,
ELGP,,,,,,,,,,CJBG,,,2ACB,4LE,,,
ELGV Â ,,,,,,,,,,CJBG,,,2ACB,4LE,,,
ELH,,,,,,,,,,CJBR,,,2ACB,4LE,,,
ELHB,,,,,,,,,,CJBR,,,2ACB,4LE,,,
ELHF,,,,,,,,,,CJBR,,,2ACB,4LE,,,
ELM,,,,,,,,,,CJB,,,2ACB,4LE,,,
ELP,,,,,,,,,,CJB,,,2ACB,4LE,,,
ELS,,,,,,,,,,CJBT,,,2ACB,4LE,,,
ELV,,,,,,,,,,CJB,,,2ACB,4LE,,,
ELX,,,,,,,,,,CJC,,,2ACB,4LE,,,
ELXD,,,,,,,,,,CJCK,,,2ACB,4LE,,,
ELXG,,,,,,,,,,CJCL,,,2ACB,4LE,,,
ELXJ,,,,,,,,,,CJCR,,,2ACB,4LE,,,
ELXN,,,,,,,,,,CJCW,,,2ACB,4LE,,,
ES,,,,,,,,,,CJP,,,2ACB,4LEP,,,
ESB,,,,,,,,,,CJPD,,,2ACB,4LEP,,,
ESF,,,,,,,,,,CJP,,,2ACB,4LEP,,,
EST,,,,,,,,,,CJPG,,,2ACB,4LEP,,,
ESV,,,,,,,,,,CJP,,,2ACB,4LEP,,,
F,,,,,,,,,,F,,,,,,,
FA,,,,,,,,,,FBA,,,,,,,
FC,,,,,,,,,,FBC,,,,,,,
FF,,,,,,,,,,FF,,,,,,,
FFC,,,,,,,,,,FFC,,,,,,,
FFH,,,,,,,,,,FFH,,,,,,,
FH,,,,,,,,,,FH,,,,,,,
FHD,,,,,,,,,,FHD,,,,,,,
FHP,,,,,,,,,,FHP,,,,,,,
FJ,,,,,,,,,,FJ,,,,,,,
FJH,,,,,,,,,,FJH,,,,,,,
FJM,,,,,,,,,,FJM,,,,,,,
FJMC,,,,,,,,,,FJMC,,,,,,,
FJMF,,,,,,,,,,FJMF,,,,,,,
FJMS,,,,,,,,,,FJMS,,,,,,,
FJMV,,,,,,,,,,FJMV,,,,,,,
FJW,,,,,,,,,,FJW,,,,,,,
FK,,,,,,,,,,FK,,,,,,,
FKC,,,,,,,,,,FKC,,,,,,,
FL,,,,,,,,,,FL,,,,,,,
FLC,,,,,,,,,,FLC,,,,,,,
FLS,,,,,,,,,,FLS,,,,,,,
FM,,,,,,,,,,FM,,,,,,,
FMR,,,,,,,,,,FMR,,,,,,,
FP,,,,,,,,,,FP,,,,,,,
FQ,,,,,,,,,,FN,,,,,,,
FR,,FH,,,,,,,,FRM,,,,,,,
FR,,FHD,,,,,,,,FRM,,,,,,,
FR,,FHP,,,,,,,,FRM,,,,,,,
FR,,FP,,,,,,,,FRX,,,,,,,
FR,,,,,,,,,else,FR,,,,,,,
FRD,,FH,,,,,,,,FRD,FRM,,,,,,
FRD,,FHD,,,,,,,,FRD,FRM,FHD,,,,,
FRD,,FHP,,,,,,,,FRD,FRM,FHP,,,,,
FRD,,FP,,,,,,,,FRX,FRD,,,,,,
FRD,,,,,,,,,else,FRD,,,,,,,
FRH,,FH,,,,,,,,FRH,FRM,,,,,,
FRH,,FHD,,,,,,,,FRH,FRM,FHD,,,,,
FRH,,FHP,,,,,,,,FRH,FRM,FHP,,,,,
FRH,,FP,,,,,,,,FRX,FRH,,,,,,
FRH,,,,,,,,,else,FRH,,,,,,,
FT,,,,,,,,,,FT,,,,,,,
FV,,,,,,,,,,FV,,,,,,,
FW,HRC,,,,,,,,,FW,,,5PGM,,,,
FW,HRE,,,,,,,,,FW,,,5PGF,,,,
FW,HRG,,,,,,,,,FW,,,5PGD,,,,
FW,HRH,,,,,,,,,FW,,,5PGP,,,,
FW,HRJ,,,,,,,,,FW,,,5PGJ,,,,
FW,,,,,,,,,else,FW,,,,,,,
FX,,FA,,,,,,,,XQB,FBA,,,,,,
FX,,FC,,,,,,,,XQB,FBC,,,,,,
FX,,FF,,,,,,,,XQD,,,,,,,
FX,,FFC,,,,,,,,XQD,FFC,,,,,,
FX,,FFH,,,,,,,,XQD,FFH,,,,,,
FX,,FH,,,,,,,,XQD,,,,,,,
FX,,FHD,,,,,,,,XQD,FHD,,,,,,
FX,,FHP,,,,,,,,XQD,FHP,,,,,,
FX,,FJ,,,,,,,,XQG,,,,,,,
FX,,FJH,,,,,,,,XQG,FJH,,,,,,
FX,,FJM,,,,,,,,XQG,FJM,,,,,,
FX,,FJMC,,,,,,,,XQG,FJMC,,,,,,
FX,,FJMF,,,,,,,,XQG,FJMF,,,,,,
FX,,FJMS,,,,,,,,XQG,FJMS,,,,,,
FX,,FJMV,,,,,,,,XQG,FJMV,,,,,,
FX,,FJW,,,,,,,,XQGW,,,,,,,
FX,,FK,,,,,,,,XQH,,,,,,,
FX,,FKC,,,,,,,,XQH,FKC,,,,,,
FX,,FL,,,,,,,,XQL,,,,,,,
FX,,FLC,,,,,,,,XQL,FLC,,,,,,
FX,,FLS,,,,,,,,XQL,FLS,,,,,,
FX,,FM,,,,,,,,XQM,,,,,,,
FX,,FMR,,,,,,,,XQM,FMR,,,,,,
FX,,FP,,,,,,,,XQX,FP,,,,,,
FX,,FQ,,,,,,,,XQM,FN,,,,,,
FX,,FR,,,,,,,,XQR,,,,,,,
FX,,FRD,,,,,,,,XQR,FRD,,,,,,
FX,,FRH,,,,,,,,XQR,FRH,,,,,,
FX,,FT,,,,,,,,XA,FT,,,,,,
FX,,FV,,,,,,,,XQV,FV,,,,,,
FX,,FW,,,,,,,,XA,FW,,,,,,
FX,,,,5X,,,,,,XQX,,,,,,,
FX,,,,,,,,,else,XA,,,,,,,
FXA,,FP,,,,,,,,XAMX,FP,,,,,,
FXA,,YFW,,,,,,,,XAMC,,,,,,,
FXA,,,,5X,,,,,,XAMX,,,,,,,
FXA,,,,5AG,,,,,,XAMC,,,,,,,
FXA,,,,5AH,,,,,,XAMC,,,,,,,
FXA,,,,5AJ,,,,,,XAMC,,,,,,,
FXA,,,,5AK,,,,,,XAMC,,,,,,,
FXA,,,,5AL,,,,,,XAMC,,,,,,,
FXA,,,,,,,,,else,XAM,,,,,,,
FXL,,,,5X,,,,,,XQA,XQX,,,,,,
FXL,,,,,,,,,else,XQA,,,,,,,
FXS,,YFW,,,,,,,,XAKC,XQK,,,,,,
FXS,,,,5X,,,,,,XAK,XQK,XQX,,,,,
FXS,,,,,,,,,else,XAK,XQK,,,,,,
FXZ,,YFW,,,,,,,,XADC,XQA,,,,,,
FXZ,,,,5X,,,,,,XQA,XQX,,,,,,
FXZ,,,,,,,,,else,XQA,,,,,,,
FY,,,,,,,,,,FY,,,,,,,
FYB,,,,,,,,,,FYB,,,,,,,
FYT,,,,,,,,,,FYT,,,,,,,
FZ,,,,,,,,,,FZ,,,,,,,
FZC,,,,,,,,,,FZ,,,,,,,
FZG,,,,,,,,,,XR,,,,,,,
G,,,,,,,,,,G,,,,,,,
GB,,,,,,,,,,GB,,,,,,,
GBA,,,,,,,,,,GBA,,,,,,,
GBC,,,,,,,,,,GBC,,,,,,,
GBCB,,,,,,,,,,GBCB,,,,,,,
GBCQ,,,,,,,,,,GBCQ,,,,,,,
GBCR,,,,,,,,,,GBCR,,,,,,,
GBCS,,,,,,,,,,GBCS,,,,,,,
GBCT,,,,,,,,,,GBCT,,,,,,,
GBCY,,,,,,,,,,GBCY,,,,,,,
GBG,,,,,,,,,,RGX ,,,,,,,
GBGM,,,,,,,,,,RGXB,,,,,,,
GBGP,,,,,,,,,,RGXP,,,,,,,
GL,,,,,,,,,,GL,,,,,,,
GLC,,,,,,,,,,GLC,,,,,,,
GLF,,,,,,,,,,GLF,,,,,,,
GLH,,,,,,,,,,GLH,,,,,,,
GLK,,,,,,,,,,GLK,,,,,,,
GLM,,,,,,,,,,GLM,,,,,,,
GLMA,,,,,,,,,,GLM,,,,,,,
GLMB,,,,,,,,,,GLM,,,,,,,
GLMC,,,,,,,,,,GLM,,,,,,,
GLMG,,,,,,,,,,GLM,,,,,,,
GLML,,,,,,,,,,GLM,,,,,,,
GLMX,,,,,,,,,,GLM,,,,,,,
GLP,,,,,,,,,,GLP,,,,,,,
GM,,,,,,,,,,GLZ,,,,,,,
GP,,,,,,,,,,GP,,,,,,,
GPF,,,,,,,,,,GPF,,,,,,,
GPFC,,,,,,,,,,GPFC,,,,,,,
GPH,,,,,,,,,,GPH,,,,,,,
GPJ,,,,,,,,,,GPJ,,,,,,,
GPQ,,,,,,,,,,GPQ,,,,,,,
GPQD,,,,,,,,,,GPQD,,,,,,,
GPS,,,,,,,,,,GPS,,,,,,,
GT,,,,,,,,,,GT,,,,,,,
GTB,,,,,,,,,,GTM,,,,,,,
GTC,,,,,,,,,,GTC,,,,,,,
GTE,,,,,,,,,,GTD,,,,,,,
GTF,RG,,,,,,,,,RGCD,,,,,,,
GTF,,,,,,,,,else,GTP,,,,,,,
GTG,,,,,,,,,,GTZ,,,,,,,
GTH,,,,,,,,,,GTT,,,,,,,
GTJ,,,,,,,,,,GTU,,,,,,,
GTN,,,,,,,,,,GTV,,,,,,,
GTR,,,,,,,,,,GTK,,,,,,,
H,,,,,,,,,,NH,,,,,,,
HB,,,,,,,,,,NH,,,,,,,
HBA,,,,,,,,,,NHA,,,,,,,
HBAH,,,,,,,,,,NHAH,,,,,,,
HBG,,,,,,,,,,NHB,,,,,,,
HBJ,,,,,,,,,,NHB,,,,,,,
HBJD,,HBLC,,,,,,,,NHDJ,,,,,,,
HBJD,,HBLC1,,,,,,,,NHDJ,,,,,,,
HBJD,,,,,,,,,else,NHD,,,,,,,
HBJD1,,HBLC,,,,,,,,NHDJ,,,,,,,
HBJD1,,HBLC1,,,,,,,,NHDJ,,,,,,,
HBJD1,,,,,,,,,else,NHD,,,,,,,
HBJF,,,,,,,,,,NHF,,,,,,,
HBJF1,,,,,,,,,,NHG,,,,,,,
HBJH,,HBLA,,,,,,,,NHHA,,,,,,,
HBJH,,HBLA1,,,,,,,,NHHA,,,,,,,
HBJH,,HBLC,,,,,,,,NHHA,,,,,,,
HBJH,,HBLC1,,,,,,,,NHHA,,,,,,,
HBJH,,HBLH,,,,,,,,NHHA,,,,,,,
HBJH,,,,,,,,,else,NHH,,,,,,,
HBJK,,HBLA,,,,,,,,NHKA,,,,,,,
HBJK,,HBLA1,,,,,,,,NHKA,,,,,,,
HBJK,,HBLC,,,,,,,,NHKA,,,,,,,
HBJK,,HBLC1,,,,,,,,NHKA,,,,,,,
HBJK,,,,,,,,,else,NHK,,,,,,,
HBJM,,,,,,,,,,NHM,,,,,,,
HBJQ,,,,,,,,,,NHQ,,,,,,,
HBL,,,,,,,,,,NHB,,,,,,,
HBLA,,,,,,,,,,NHC,,,,,,,
HBLA1,,,,,,,,,,NHC,,,,,,,
HBLC,,,,,,,,,,N,,,3K,,,,
HBLC1,,,,,,,,,,N,,,3K,,,,
HBLH,,,,,,,,,,N,,,3M,,,,
HBLL,,,,,,,,,,N,,,3M,,,,
HBLW,,,,,,,,,,N,,,3MP,,,,
HBLW3,,,,,,,,,,N,,,3MPQ,,,,
HBLX,,,,,,,,,,N,,,3MR,,,,
HBT,,,,,,,,,,NHT,,,,,,,
HBTB,,,,,,,,,,NHTB,,,,,,,
HBTD,,,,,,,,,,NHTD,,,,,,,
HBTG,,,,,,,,,,NHTG,,,,,,,
HBTK,,,,,,,,,,NHTK,,,,,,,
HBTM,,,,,,,,,,NHTM,,,,,,,
HBTP,,,,,,,,,,NHTP,,,,,,,
HBTP1,,,,,,,,,,NHTP1,,,,,,,
HBTQ,,,,,,,,,,NHTQ,,,,,,,
HBTR,,,,,,,,,,NHTR,,,,,,,
HBTS,,,,,,,,,,NHTS,,,,,,,
HBTV,,,,,,,,,,NHTV,,,,,,,
HBTV2,,,,,,,,,,NHTV,,,1DDF,3MLQZ-FR-A,,,
HBTV4,,,,,,,,,,NHTV,,,1DTA,3MPBF-RU-R,,,
HBTW,,,,,,,,,,NHTW,,,,,,,
HBTZ,,,,,,,,,,NHTZ,,,,,,,
HBTZ1,,,,,,,,,,NHTZ1,NHWR7,,1D,3MPBL,,,
HBW,,HBLA,,,,,,,,NHWA,,,,,,,
HBW,,HBLC1,,,,,,,,NHWD,,,,,,,
HBW,,HBLH,,,,,,,,NHWF,,,,,,,
HBW,,HBLW,,,,,,,,NHWL,,,,,,,
HBW,,,,,,,,,else,NHW,,,,,,,
HBWC,,,,,,,,,,NHWR,,,1D,1FB,3KL,,
HBWE,,,,,,,,,,NHWR3,NHWF,,1DDU-GB-E,3MGQM-GB-J,,,
HBWF,,,,,,,,,,NHWR,NHWF,,1KBB,3MLQ-US-B,,,
HBWH,,,,,,,,,,NHWR,NHWF,,1D,3MNB,,,
HBWJ,,,,,,,,,,NHWR3,NHWF,,1KBB,3MNQS,3MNQ-US-E,,
HBWL,,,,,,,,,,NHWR,,,1DTA,3MNQM,,,
HBWM,,,,,,,,,,NHWR,,,1QBCU,1HFM,3MNQ,,
HBWN,,,,,,,,,,NHWR5,,,3MPBFB,,,,
HBWP,,,,,,,,,,NHWR3,NHWL,,1DSE,3MPBGJ-ES-B,,,
HBWQ,,,,,,,,,,NHWR7,NHWL,,3MPBLB,,,,
HBWS,,,,,,,,,,NHWR9,NHWL,,,,,,
HBWS1,,,,,,,,,,NHWR9,NHWL,,1FPKN,1FPKS,3MPQM,,
HBWS2,,,,,,,,,,NHWR9,NHWL,,1FMV,3MPQ,,,
HBWS3,,,,,,,,,,NHWR9,NHWL,,1FBQ,1FBXK,3MPQZ,,
HBWS4,,,,,,,,,,NHWR9,NHWL,,1FCA,3MRB,,,
HBWS5,,,,,,,,,,NHWR9,NHWL,,1FBQ,3MRB,,,
HD,,,,,,,,,,NK,,,,,,,
HDA,,,,,,,,,,NKA,,,,,,,
HDD,,,,,,,,,,NKD,,,,,,,
HDDA,,,,,,,,,,NKD,,,3B,,,,1
HDDC,,,,,,,,,,NKD,,,1FB,,,,
HDDG,,,,,,,,,,NKD,,,1QBAE,,,,
HDDH,,,,,,,,,,NKD,,,1QBAL,,,,
HDDK,,,,,,,,,,NKD,,,1QBA,,,,
HDDM,,,,,,,,,,NKD,,,1D,3KL,,,
HDL,,,,,,,,,,NKL,,,,,,,
HDP,,,,,,,,,,NKP,,,,,,,
HDR,,,,,,,,,,NKR,,,,,,,
HDT,,,,,,,,,,NKT,,,,,,,
HDW,,,,,,,,,,NKX,,,,,,,
HP,,,,,,,,,,QD,,,,,,,
HPC,,,,,,,,,,QDH,,,,,,,
HPCA,,,,,,,,,,QDHA,,,,,,,
HPCB,,,,,,,,,,QDHF,,,,,,,
HPCD,,,,,,,,,,QDH,,,,,,,
HPCD1,,,,,,,,,,QDHM,,,,,,,
HPCF,,,,,,,,,,QDHR,,,,,,,
HPCF3,,,,,,,,,,QDHR5,,,,,,,
HPCF5,,,,,,,,,,QDHR9,,,,,,,
HPCF7,,,,,,,,,,QDHR7,,,,,,,
HPD,,JFSR1,,,,,,,,QDHL,,,,,,,
HPD,,,,,,,,,else,QDH,,,,,,,
HPDC,,,,,,,,,,QDHK,,,,,,,
HPDF,,,,,,,,,,QDHC,,,,,,,
HPJ,,,,,,,,,,QDTJ,,,,,,,
HPK,,,,,,,,,,QDTK,,,,,,,
HPL,,,,,,,,,,QDTL,,,,,,,
HPM,,,,,,,,,,QDTM,,,,,,,
HPN,,,,,,,,,,QDTN,,,,,,,
HPQ,,,,,,,,,,QDTQ,,,,,,,
HPS,,,,,,,,,,QDTS,,,,,,,
HPX,,,,,,,,,,QDX,,,,,,,
HR,,,,,,,,,,QR,,,,,,,
HRA,,,,,,,,,,QRA,,,,,,,
HRAB,,,,,,,,,,QRAB,,,,,,,
HRAB1,,,,,,,,,,QRAB1,,,,,,,
HRAC,,,,,,,,,,QRAC,,,,,,,
HRAF,,,,,,,,,,QRAF,,,,,,,
HRAM,,,,,,,,,,QRAM,,,,,,,
HRAM1,,,,,,,,,,QRAM1,,,,,,,
HRAM2,,,,,,,,,,QRAM2,,,,,,,
HRAM3,,,,,,,,,,QRAM3,,,,,,,
HRAM6,,,,,,,,,,QRAM6,,,,,,,
HRAM7 ,,,,,,,,,,QRAM7,,,,,,,
HRAM9,,,,,,,,,,QRAM9,,,,,,,
HRAX,,,,,,,,,,QRAX,,,,,,,
HRC,,,,,,,,,,QRM,,,,,,,
HRCA,,,,,,,,,,QRM,,,,,,,
HRCC,,,,,,,,,,QRMB,,,,,,,
HRCC1,,,,,,,,,,QRM,QRAX,,,,,,
HRCC2,,,,,,,,,,QRM,QRAX,,,,,,
HRCC7,,,,,,,,,,QRMB1,,,,,,,
HRCC8,,,,,,,,,,QRMB2,,,,,,,
HRCC9,,,,,,,,,,QRMB3,,,,,,,
HRCC91,,,,,,,,,,QRMB31,,,,,,,
HRCC92,,,,,,,,,,QRMB32,,,,,,,
HRCC93,,,,,,,,,,QRMB33,,,,,,,
HRCC95,,,,,,,,,,QRMB35,,,,,,,
HRCC96,,,,,,,,,,QRMB36,,,,,,,
HRCC97,,,,,,,,,,QRMB37,,,,,,,
HRCC99,,,,,,,,,,QRMB39,,,,,,,
HRCF,,,,,,,,,,QRMF1,,,,,,,
HRCF1,,,,,,,,,,QRMF12,,,,,,,
HRCF2,,,,,,,,,,QRMF13,,,,,,,
HRCG ,,,,,,,,,,QRM,QRVC,,,,,,
HRCG1 ,,,,,,,,,,QRM,QRVC,,,,,,
HRCG2,,,,,,,,,,QRM,QRVC,,,,,,
HRCG3 ,,,,,,,,,,QRM,QRVC,,,,,,
HRCG7 ,,,,,,,,,,QRM,QRVC,,,,,,
HRCG9,,,,,,,,,,QRMF19,,,,,,,
HRCJ,,,,,,,,,,QRMB9,,,,,,,
HRCL,,,,,,,,,,QRM,QRVJ,,,,,,
HRCL1,,,,,,,,,,QRM,QRVJ2,,,,,,
HRCL2,,,,,,,,,,QRM,QRVJ,,,,,,
HRCM,,,,,,,,,,QRM,QRVG,,,,,,
HRCP,,,,,,,,,,QRM,QRVH,,,,,,
HRCR,,,,,,,,,,QRM,QRVJ1,,,,,,
HRCR1,,,,,,,,,,QRM,QRVJ2,,,,,,
HRCS,,,,,,,,,,QRM,QRVK,,,,,,
HRCS1,,,,,,,,,,QRM,QRVK2,,,,,,
HRCV,,,,,,,,,,QRMP,,,,,,,
HRCV1,,,,,,,,,,QRMP1,,,,,,,
HRCV2,,,,,,,,,,QRM,QRVP3,,,,,,
HRCV3,,,,,,,,,,QRM,QRVP5,,,,,,
HRCV4,,,,,,,,,,QRM,QRVP7,,,,,,
HRCV9,,,,,,,,,,QRM,QRVX,,,,,,
HRCX,,,,,,,,,,QRM,QRVS,,,,,,
HRCX1,,,,,,,,,,QRM,QRVS1,,,,,,
HRCX4,,,,,,,,,,QRM,QRVS3,,,,,,
HRCX6,,,,,,,,,,QRM,QRVS2,,,,,,
HRCX7,,,,,,,,,,QRM,QRVS4,,,,,,
HRCX8,,,,,,,,,,QRM,QRVS5,,,,,,
HRCZ,,,,,,,,,,QRM,QRMB8,,,,,,
HRE,,,,,,,,,,QRF,,,,,,,
HREC,,,,,,,,,,QRF,QRVJ1,,,,,,
HREP,,,,,,,,,,QRFP,,,,,,,
HRES,,,,,,,,,,QRFF,,,,,,,
HREX,,,,,,,,,,QRFB21,,,,,,,
HREZ,,,,,,,,,,QRFB23,,,,,,,
HRG,,,,,,,,,,QRD,,,,,,,
HRGC,,,,,,,,,,QRD,QRVJ1,,,,,,
HRGP,,,,,,,,,,QRDP,,,,,,,
HRGS,,,,,,,,,,QRDF,,,,,,,
HRH,,,,,,,,,,QRP,,,,,,,
HRHC,,,,,,,,,,QRP,QRVJ1,,,,,,
HRHP,,,,,,,,,,QRPP,,,,,,,
HRHS,,,,,,,,,,QRPF1,,,,,,,
HRHT,,,,,,,,,,QRP,QRVG,,,,,,
HRHX,,,,,,,,,,QRPB4,QRVK2,,,,,,
HRJ,,,,,,,,,,QRJ,,,,,,,
HRJC,,,,,,,,,,QRJ,QRVJ1,,,,,,
HRJP,,,,,,,,,,QRJP,,,,,,,
HRJS,,,,,,,,,,QRJF,,,,,,,
HRJT,,,,,,,,,,QRJ,QRVG,,,,,,
HRJX,,,,,,,,,,QRJ,QRVK2,,,,,,
HRK,,,1H,,,,,,,QRRN,,,,,,,
HRK,,,,,,,,,else,QRR,,,,,,,
HRKB,,,,,,,,,,QRRB,,,,,,,
HRKP,,,,1QDAK,,,,,,QRRT1,,,,,,,
HRKP,,,1DVW,,,,,,,QRSV,,,,,,,
HRKJ,,,,,,,,,,QRRC,,,,,,,
HRKN,,,1FPC,,,,,,,QRRL6,,,,,,,
HRKN,,,,,,,,,else,QRRL,,,,,,,
HRKN1,,,,,,,,,,QRRL1,,,,,,,
HRKN3,,,,,,,,,,QRRL3,,,,,,,
HRKN5,,,,,,,,,,QRRL5,,,,,,,
HRKP,,,,,,,,,,QRS,,,,,,,
HRKP1,,,,,,,,,,QRSA,,,,,,,
HRKP2,,,,,,,,,,QRST,,,,,,,
HRKP3,,,,,,,,,,QRSG,,,,,,,
HRKP4,,,,,,,,,,QRSL,,,,,,,
HRKP5,,,,,,,,,,QRSW,,,,,,,
HRKS,,,,,,,,,,QRRD,,,,,,,
HRKT,,,1H,,,,,,,QRRN,,,,,,,
HRKT,,,,,,,,,else,QRRT,,,,,,,
HRKZ,,,,,,,,,,QRRF,,,,,,,
HRL,,,,,,,,,,QRV,,,,,,,
HRLB,,,,,,,,,,QRVG,,,,,,,
HRLC,,,,,,,,,,QRVA,,,,,,,
HRLC1,,,,,,,,,,QRVC,,,,,,,
HRLD,,,,,,,,,,QRVJ,,,,,,,
HRLF,,,,,,,,,,QRVJ1,,,,,,,
HRLF9,,,,,,,,,,QRVJ2,,,,,,,
HRLK,,,,,,,,,,QRVK,,,,,,,
HRLK2,,,,,,,,,,QRVK2,,,,,,,
HRLM,,,,,,,,,,QRVP,,,,,,,
HRLM3,,,,,,,,,,QRVP3,,,,,,,
HRLM5,,,,,,,,,,QRVP5,,,,,,,
HRLM7,,,,,,,,,,QRVP7,,,,,,,
HRLP,,,,,,,,,,QRVS,,,,,,,
HRLP1,,,,,,,,,,QRVS1,,,,,,,
HRLP5,,,,,,,,,,QRVS2,,,,,,,
HRLP7,,,,,,,,,,QRVS5,,,,,,,
HRQ,,,,,,,,,,QRY,,,,,,,
HRQA,HP,,,,,,,,,QDHH,QRYA,,,,,,
HRQA,,,,,,,,,else,QRYA,,,,,,,
HRQA5,,,,,,,,,,QRYA5,,,,,,,
HRQC,,,,,,,,,,QRYC,,,,,,,
HRQC1,,,,,,,,,,QRYC1,,,,,,,
HRQC5,,,,,,,,,,QRYC5,,,,,,,
HRQM,,,,,,,,,,QRYM,,,,,,,
HRQM2,,,,,,,,,,QRYM2,,,,,,,
HRQX,,,,,,,,,,QRYX,,,,,,,
HRQX2,,,,,,,,,,QRYX2,,,,,,,
HRQX5,,,,,,,,,,QRYX5,,,,,,,
HRQX9,,,,,,,,,,QRYX9,,,,,,,
J,,,,,,,,,,J,,,,,,,
JF,,,,,,,,,,JB,,,,,,,
JFC,,,,,,,,,,JBCC,,,,,,,
JFCA,,,,,,,,,,JBCC1,,,,,,,
JFCD,,,,,,,,,,JBCC2,,,,,,,
JFCK,,,,,,,,,,JBCC3,,,,,,,
JFCV,,,,,,,,,,JBCC4,,,,,,,
JFCX,,,,,,,,,,JBCC9,,,,,,,
JFD,,KNTJ,,,,,,,,JBCT4,,,,,,,
JFD,UB ,,,,,,,,,JBCT1,,,,,,,
JFD,UD,,,,,,,,,JBCT1,,,,,,,
JFD,,,,,,,,,else,JBCT,,,,,,,
JFDT,,,,,,,,,,JBCT2,,,,,,,
JFDV,,,,,,,,,,JBCT3,,,,,,,
JFF,,,,,,,,,,JBF,,,,,,,
JFFA,,,,,,,,,,JBFC,,,,,,,
JFFB,,,,,,,,,,JBFD,,,,,,,
JFFC,,,,,,,,,,JBFF,,,,,,,
JFFC1,,,,,,,,,,JBFF,,,,,,,
JFFD,,,,,,,,,,JBFG,,,,,,,
JFFE,,,,,,,,,,JBFK,,,,,,,
JFFE1,,,,,,,,,,JBFK1,,,,,,,
JFFE2,,,,,,,,,,JBFK2,,,,,,,
JFFE3,,,,,,,,,,JBFK3,,,,,,,
JFFG,,,,,,,,,,JBFM,,,,,,,
JFFH,,,,,,,,,,JBFN,,,,,,,
JFFH1,,,,,,,,,,JBFN2,,,,,,,
JFFH2,,,,,,,,,,JBFN,,,,,,,
JFFJ,,,,,,,,,,JBFA,,,,,,,
JFFK,,,,,,,,,,JBSF11,,,,,,,
JFFL,,,,,,,,,,JBFX,,,,,,,
JFFM,,,,,,,,,,JBFQ,,,,,,,
JFFN,,,,,,,,,,JBFH,,,5PBC,,,,
JFFP,,,,,,,,,,JBF,,,,,,,
JFFR,,,,,,,,,,JBFZ,,,,,,,
JFFS,,,,,,,,,,GTQ,,,,,,,
JFFT,,,,,,,,,,JBFS,,,,,,,
JFFU,,,,,,,,,,JBF,,,,,,,
JFFX,,,,,,,,,,JBF,,,,,,,
JFFZ,,,,,,,,,,JBFU,,,,,,,
JFH,,,,,,,,,,JBG,,,,,,,
JFHC,,,,,,,,,,JBGX,,,,,,,
JFHF,,,,,,,,,,JBGB,,,,,,,
JFHX,,,,,,,,,,JBG,,,,,,,
JFM,,,,,,,,,,JBFV,,,,,,,
JFMA,,,,,,,,,,JBFV1,,,,,,,
JFMC,,,,,,,,,,JBFV2,,,,,,,
JFMD,,,,,,,,,,JBFV3,,,,,,,
JFME,,,,,,,,,,JBFV4,,,,,,,
JFMG,,,,,,,,,,JBFV5,,,,,,,
JFMP,,,,,,,,,,JBFW,JBFV,,,,,,
JFMX,,,,,,,,,,JBFW,JBFV,,,,,,
JFS,,,,,,,,,,JBS,,,,,,,
JFSC,,,,,,,,,,JBSA,,,,,,,
JFSF,,,,,,,,,,JBSC,,,,,,,
JFSG,,,,,,,,,,JBSD,,,,,,,
JFSJ,,,,,,,,,,JBSF,,,,,,,
JFSJ1,,,,,,,,,,JBSF1,,,,,,,
JFSJ2,,,,,,,,,,JBSF2,,,,,,,
JFSJ5,,,,,,,,,,JBSF3,,,,,,,
JFSK,,,,,,,,,,JBSJ,,,,,,,
JFSK1,,,,,,,,,,JBSJ,,,,,,,
JFSK2,,,,,,,,,,JBSJ,,,,,,,
JFSL,,,,,,,,,,JBSL,,,,,,,
JFSL1,,,,,,,,,,JBSL1,,,,,,,
JFSL3,,,1DBK,,,,,,,JBSL,,,5PB-GB-M,,,,
JFSL3,,,,,,,,,else,JBSL,,,,,,,
JFSL4,,,1KBB,,,,,,,JBSL,,,5PB-US-H,,,,
JFSL4,,,,,,,,,else,JBSL,,,,,,,
JFSL9,,,1MBF,,,,,,,JBSL11,,,5PB-AU-A,,,,
JFSL9,,,1MBN,,,,,,,JBSL11,,,5PB-NZ-A,,,,
JFSL9,,,1KBB,,,,,,,JBSL11,,,5PB-US-E,,,,
JFSL9,,,,,,,,,else,JBSL11,,,5PBA,,,,
JFSP,,,,,,,,,,JBSP,,,,,,,
JFSP1,,,,,,,,,,JBSP1,,,,,,,
JFSP2,,,,,,,,,,JBSP2,,,,,,,
JFSP3,,,,,,,,,,JBSP3,,,,,,,
JFSP31,,,,,,,,,,JBSP4,,,,,,,
JFSR,,,,,,,,,,JBSR,,,,,,,
JFSR1,,,,,,,,,,JBSR,,,5PGJ,,,,
JFSR2,,,,,,,,,,JBSR,,,5PGP,,,,
JFSS,,,,,,,,,,JBSW,,,,,,,
JFSV,,,,,,,,,,JBSY,,,,,,,
JFSV1,,,,,,,,,,JBSX,,,,,,,
JH,,,,,,,,,,JH,,,,,,,
JHB,,,,,,,,,,JHB,,,,,,,
JHBA,,,,,,,,,,JHBA,,,,,,,
JHBC,,,,,,,,,,JHBC,,,,,,,
JHBD,,,,,,,,,,JHBD,,,,,,,
JHBF,,,,,,,,,,JHBK,,,,,,,
JHBK,,,,,,,,,,JHBK,,,,,,,
JHBK5,,,,,,,,,,JHB,JBFW,,,,,,
JHBL,,,,,,,,,,JHBL,,,,,,,
JHBS,,,,,,,,,,JHBS,,,,,,,
JHBT,,,,,,,,,,JHB,JBCC6,,,,,,
JHBZ,,,,,,,,,,JHBZ,,,,,,,
JHM,,,,,,,,,,JHM,,,,,,,
JHMC,,,,,,,,,,JHMC,,,,,,,
JHMP,,,,,,,,,,JHM,,,,,,,
JK,,,,,,,,,,JK,,,,,,,
JKS,,,,,,,,,,JKS,,,,,,,
JKSB,,,,,,,,,,JKSB,,,,,,,
JKSB1,,,,,,,,,,JKSB1,,,,,,,
JKSF,,,,,,,,,,JKSF,,,,,,,
JKSG,,,,,,,,,,JKSG,,,,,,,
JKSM,,,,,,,,,,JKSM,,,,,,,
JKSN,,,,,,,,,,JKSN,,,,,,,
JKSN1,,,,,,,,,,JKSN1,,,,,,,
JKSN2,,,,,,,,,,JKSN2,,,,,,,
JKSR,,,,,,,,,,JKSR,,,,,,,
JKSW,,,,,,,,,,JKSW,,,,,,,
JKSW1,,,,,,,,,,JKSW1,,,,,,,
JKSW2,,,,,,,,,,JKSW2,,,,,,,
JKSW3,,,,,,,,,,JKSW3,,,,,,,
JKV,,,,,,,,,,JKV,,,,,,,
JKVC,,,,,,,,,,JKVC,,,,,,,
JKVF,,,,,,,,,,JKVF,,,,,,,
JKVF1,,,,,,,,,,JKVF1,,,,,,,
JKVG,,,,,,,,,,JKVG,,,,,,,
JKVJ,,,,,,,,,,JKVJ,,,,,,,
JKVK,,,,,,,,,,JKVK,,,,,,,
JKVM,,,,,,,,,,JKVM,,,,,,,
JKVP,,,,,,,,,,JKVP,,,,,,,
JKVP1,,,,,,,,,,JKVP,,,,,,,
JKVQ,,,,,,,,,,JKVQ,,,,,,,
JKVQ1,,,,,,,,,,JKVQ1,,,,,,,
JKVQ2,,,,,,,,,,JKVQ2,,,,,,,
JKVS,,,,,,,,,,JKVS,,,,,,,
JM,,,,,,,,,,JM,,,,,,,
JMA,,,,,,,,,,JMA,,,,,,,
JMAF,,,,,,,,,,JMAF,,,,,,,
JMAJ,,,,,,,,,,JMAJ,,,,,,,
JMAL,,,,,,,,,,JMAL,,,,,,,
JMAN,,,,,,,,,,JMAN,,,,,,,
JMAQ,,,,,,,,,,JMAQ,,,,,,,
JMB,,,,,,,,,,JMB,,,,,,,
JMBT,,,,,,,,,,JMBT,,,,,,,
JMC,,,,,,,,,,JMC,,,,,,,
JMD,,,,,,,,,,JMD,,,,,,,
JMF,,,,,,,,,,JMF,,,,,,,
JMG,,,,,,,,,,JMG,,,,,,,
JMH,,,,,,,,,,JMH,,,,,,,
JMJ,,,,,,,,,,JMJ,,,,,,,
JMK,,,,,,,,,,JMK,,,,,,,
JML,,,,,,,,,,JML,,,,,,,
JMM,,,,,,,,,,JMM,,,,,,,
JMP,,,,,,,,,,JMP,,,,,,,
JMQ,,,,,,,,,,JMQ,,,,,,,
JMR,,,,,,,,,,JMR,,,,,,,
JMRL,,,,,,,,,,JMR,,,,,,,
JMRM,,,,,,,,,,JMR,,,,,,,
JMRN,,,,,,,,,,JMR,,,,,,,
JMRP,,,,,,,,,,JMR,,,,,,,
JMS,,,,,,,,,,JMS,,,,,,,
JMT,,,,,,,,,,JMT,,,,,,,
JMTC,,,,,,,,,,JMT,,,,,,,
JMTD,,,,,,,,,,JMT,,,,,,,
JMTH,,,,,,,,,,JMT,,,,,,,
JMTK,,,,,,,,,,JMT,,,,,,,
JMU,,,,,,,,,,JMU,,,,,,,
JMX,,,,,,,,,,JMX,,,,,,,
JN,,,,,,,,,,JN,,,,,,,
JNA,,,,,,,,,,JNA,,,,,,,
JNAM,,,,,,,,,,JNAM,,,,,,,
JNB,,,,,,,,,,JNB,,,,,,,
JNC,,,,,,,,,,JNC,,,,,,,
JNF,,,,,,,,,,JNF,,,,,,,
JNFD,,,,,,,,,,JNF,,,,,,,
JNFG,,,,,,,,,,JNF,,,,,,,
JNFN,,,,,,,,,,JNFK,,,,,,,
JNFR,,,,,,,,,,JNF,,,,,,,
JNH,,,,,,,,,,JNFC,,,,,,,
JNHB,,,,,,,,,,JNF,,,,,,,
JNHT,,,,,,,,,,JNF,,,,,,,
JNHX,,,,,,,,,,JNF,,,,,,,
JNK,,,,,,,,,,JNK,,,,,,,
JNKA,,,,,,,,,,JNK,,,,,,,
JNKC,,,,,,,,,,JNDG,,,,,,,
JNKD,,,,,,,,,,JNDH,,,,,,,
JNKF,,,,,,,,,,JND,,,,,,,
JNKG,,,,,,,,,,JNKG,,,,,,,
JNKH,,,,,,,,,,JNKH,,,,,,,
JNKH1,,,,,,,,,,JNKH,,,,,,,
JNKN,,,,,,,,,,JNK,,,,,,,
JNKP,,,,,,,,,,JNK,,,,,,,
JNKR,,,,,,,,,,JNK,,,,,,,
JNKS,,,,,,,,,,JNK,,,,,,,
JNL,,,,,,,,,,JNL,,,,,,,
JNLA,,,,,,,,,,JNLA,,,,,,,
JNLB,,,,,,,,,,JNLB,,,,,,,
JNLC,,,,,,,,,,JNLC,,,,,,,
JNLP,,,,,,,,,,JNLP,,,,,,,
JNLR,,,,,,,,,,JNLR,,,,,,,
JNM,,,,,,,,,,JNM,,,,,,,
JNMF,,,,,,,,,,JNM,,,,,,,
JNMH,,,,,,,,,,JNM,,,,,,,
JNMN,,,,,,,,,,JNM,,,,,,,
JNMT,,,,,,,,,,JNMT,,,,,,,
JNP,,,,,,,,,,JNP,,,,,,,
JNQ,,,,,,,,,,JNQ,,,,,,,
JNR,,,,,,,,,,JNR,,,,,,,
JNRV,,,,,,,,,,JNRV,,,,,,,
JNS,,CFDM,,,,,,,,JNSV,,,,,,,
JNS,,,,,,,,,else,JNS,,,,,,,
JNSC,,,,,,,,,,JNSC,,,5PMB,,,,
JNSC1,,,,,,,,,,JNSC,,,5PMF,,,,
JNSC2,,,,,,,,,,JNSC,,,5PMD,,,,
JNSG,,,,,,,,,,JNSG,,,,,,,
JNSG1,,,,,,,,,,JNSG,,,5PMJ,,,,
JNSG2,,,,,,,,,,JNSG,,,5PMH,,,,
JNSL,,,,,,,,,,JNSL,,,,,,,
JNSP,,,,,,,,,,JNSP,,,,,,,
JNSV,,,,,,,,,,JNU,,,,,,,
JNT,,,,,,,,,,JNT,,,,,,,
JNU,,,,,,,,,,JNU,,,,,,,
JNUM,,,,,,,,,,JNUM,,,,,,,
JNV,,,,,,,,,,JNV,,,,,,,
JNW,,,,,,,,,,JNW,,,,,,,
JNWT,,,,,,,,,,JNW,,,,,,,
JNZ,,,,,,,,,,JNZ,,,,,,,
JP,,,,,,,,,,JP,,,,,,,
JPA,,,,,,,,,,JPA,,,,,,,
JPB,,,,,,,,,,JPB,,,,,,,
JPF,,RNA,,,,,,,,JPFA,,,,,,,
JPF,,,,,,,,,else,JPF,,,,,,,
JPFB,,,,,,,,,,JPFB,,,,,,,
JPFC,,,,,,,,,,JPFC,,,,,,,
JPFF,,,,,,,,,,JPFF,,,,,,,
JPFK,,,,,,,,,,JPFK,,,,,,,
JPFM,,,,,,,,,,JPFM,,,,,,,
JPFN,,,,,,,,,,JPFN,,,,,,,
JPFQ,,,,,,,,,,JPFQ,,,,,,,
JPFR,,,,,,,,,,JPFR,,,,,,,
JPH,,,,,,,,,,JPH,,,,,,,
JPHC,,,,,,,,,,JPHC,,,,,,,
JPHF,,,,,,,,,,JPHF,,,,,,,
JPHL,,,,,,,,,,JPHL,,,,,,,
JPHV,,,,,,,,,,JPHV,,,,,,,
JPHX,,,,,,,,,,JPHX,,,,,,,
JPL,,,,,,,,,,JPL,,,,,,,
JPLM,,,,,,,,,,JPL,,,,,,,
JPP,,,,,,,,,,JPP,,,,,,,
JPQ,,,,,,,,,,JPQ,,,,,,,
JPQB,,,,,,,,,,JPQB,,,,,,,
JPR,,JFSL9,,,,,,,,JPN,,,,,,,
JPR,,,,,,,,,else,JPR,,,,,,,
JPRB,,,,,,,,,,JPRB,,,,,,,
JPS,,,,,,,,,,JPS,,,,,,,
JPSD,,,,,,,,,,JPSD,,,,,,,
JPSF,,,,,,,,,,JPSF,,,,,,,
JPSH,,,,,,,,,,JPSH,,,,,,,
JPSL,,,,,,,,,,JPSL,,,,,,,
JPSN,,,,,,,,,,JPSN,,,,,,,
JPSN1,,,,,,,,,,JPSN,,,,,,,
JPSN2,,,,,,,,,,JPSN,,,1QFE,,,,
JPV,,,,,,,,,,JPV,,,,,,,
JPVH,,,,,,,,,,JPVH,,,,,,,
JPVH1,,,,,,,,,,JPVC,,,,,,,
JPVH2,,,,,,,,,,JPVH,,,,,,,
JPVH3,,,,,,,,,,JPVH,,,,,,,
JPVH4,,,,,,,,,,JPVH,,,,,,,
JPVK,,,,,,,,,,JPWA,,,,,,,
JPVL,,,,,,,,,,JPWC,,,,,,,
JPVN,,,,,,,,,,JPV,,,,,,,
JPVR,,,,,,,,,,JPVR,,,,,,,
JPW,,,,,,,,,,JPW,,,,,,,
JPWD,,,,,,,,,,JPWG,,,,,,,
JPWF,,,,,,,,,,JPWG,,,,,,,
JPWH,,,,,,,,,,JPWH,,,,,,,
JPWJ,,,,,,,,,,JPWG,,,,,,,
JPWL,,,,,,,,,,JPWL,,,,,,,
JPWL1,,,,,,,,,,JPWL,,,,,,,
JPWL2,,,,,,,,,,JPWL,,,,,,,
JPWQ,,,,,,,,,,JPWQ,,,,,,,
JPWS,,,,,,,,,,JPWS,,,,,,,
JPZ,,,,,,,,,,JPZ,,,,,,,
JW,,,,,,,,,,JW,,,,,,,
JWA,,,,,,,,,,JWA,,,,,,,
JWD,,,,,,,,,,JWCD,,,,,,,
JWDG,,,,,,,,,,JWCG,,,,,,,
JWF,,,,,,,,,,JWCK,,,,,,,
JWG,,,,,,,,,,JWCM,,,,,,,
JWH,,,,,,,,,,JWCS,,,,,,,
JWJ,,,,,,,,,,JWJ,,,,,,,
JWK,,,,,,,,,,JWK,,,,,,,
JWKF,,,,,,,,,,JWKF,,,,,,,
JWKT,,,,,,,,,,JWK,,,,,,,
JWKW,,,,,,,,,,JWK,,,,,,,
JWL,,,,,,,,,,JWL,,,,,,,
JWLF,,,,,,,,,,JWLF,,,,,,,
JWLP,,,,,,,,,,JWLP,,,,,,,
JWM,,,,,,,,,,JWM,,,,,,,
JWMC,,,,,,,,,,JWMC,,,,,,,
JWMN,,,,,,,,,,JWMN,,,,,,,
JWMV,,,,,,,,,,JWMV,,,,,,,
JWMV1,,,,,,,,,,JWMV,JWCD,,,,,,
JWMV2,,,,,,,,,,JWMV,JWCK,,,,,,
JWMV3,,,,,,,,,,JWMV,JWCM,,,,,,
JWT,,,,,,,,,,JWT,,,,,,,
JWTR,,,,,,,,,,JWT,,,,,,,
JWTU,,,,,,,,,,JWTU,,,,,,,
JWTY,,,,,,,,,,JWT,,,,,,,
JWX,,,,,,,,,,JWX,,,,,,,
JWXF,,,,,,,,,,JWXF,,,,,,,
JWXK,,,,,,,,,,JWXK,,,,,,,
JWXN,,,,,,,,,,JWXN,,,,,,,
JWXR,,,,,,,,,,JWXR,,,,,,,
JWXT,,,,,,,,,,JWXT,,,,,,,
JWXV,,,,,,,,,,JWXV,,,,,,,
JWXZ,,,,,,,,,,JWXZ,,,,,,,
K,,,,,,,,,,K,,,,,,,
KC,,KNS,,,,,,,,KCVQ,,,,,,,
KC,,,,,,,,,else,KC,,,,,,,
KCA,,,,,,,,,,KCA,,,,,,,
KCB,,,,,,,,,,KCB,,,,,,,
KCBM,,,,,,,,,,KCBM,,,,,,,
KCC,,,,,,,,,,KCC,,,,,,,
KCCD,,,,,,,,,,KCCD,,,,,,,
KCD,,,,,,,,,,KCD,,,,,,,
KCF,,,,,,,,,,KCF,,,,,,,
KCFM,,,,,,,,,,KCF,,,,,,,
KCG,,,,,,,,,,KCG,,,,,,,
KCH,,,,,,,,,,KCH,,,,,,,
KCHS,,,,,,,,,,KCH,,,,,,,
KCJ,,,,,,,,,,KCJ,,,,,,,
KCK,,,,,,,,,,KCK,,,,,,,
KCL,,,,,,,,,,KCL,,,,,,,
KCLF,,,,,,,,,,KCL,,,,,,,
KCLT,,,,,,,,,,KCLT,,,,,,,
KCLT1,,,,,,,,,,KCLT,LBBM,,,,,,
KCM,,,,,,,,,,KCM,,,,,,,
KCN,,,,,,,,,,KCVG,,,,,,,
KCP,,,,,,,,,,KCP,,,,,,,
KCQ,,,,,,,,,,KCVJ,,,,,,,
KCR,,,,,,,,,,KCVK,,,,,,,
KCS,,,,,,,,,,KCS,,,,,,,
KCT,,,,,,,,,,KCVD,,,,,,,
KCU,,,,,,,,,,KCVS,,,,,,,
KCX,,,,,,,,,,KCX,,,,,,,
KCY,,,,,,,,,,KCY,,,,,,,
KCZ,,,,,,,,,,KCZ,,,,,,,
KF,,,,,,,,,,KF,,,,,,,
KFC,,,,,,,,,,KFC,,,,,,,
KFCC,,,,,,,,,,KFCC,,,,,,,
KFCF,,,,,,,,,,KFCF,,,,,,,
KFCM,,,,,,,,,,KFCM,,,,,,,
KFCP,,,,,,,,,,KFCP,,,,,,,
KFCR,,,,,,,,,,KFCR,,,,,,,
KFCX,,,,,,,,,,KFCX,,,,,,,
KFF,,,,,,,,,,KFF,,,,,,,
KFFD,,,,,,,,,,KFFD,,,,,,,
KFFD1,,,,,,,,,,KFFD,,,,,,,
KFFH,,,,,,,,,,KFFH,,,,,,,
KFFK,,,,,,,,,,KFFK,,,,,,,
KFFL,,,,,,,,,,KFFL,,,,,,,
KFFM,,,,,,,,,,KFFM,,,,,,,
KFFM1,,,,,,,,,,KFFM,,,,,,,
KFFM2,,,,,,,,,,KFFM,,,,,,,
KFFN,,,,,,,,,,KFFN,,,,,,,
KFFP,,,,,,,,,,KFFP,,,,,,,
KFFR,,,,,,,,,,KFFR,,,,,,,
KFFX,,,,,,,,,,KFFX,,,,,,,
KJ,,,,,,,,,,KJ,,,,,,,
KJB,,,,,,,,,,KJB,,,,,,,
KJBX,,,,,,,,,,KJBX,,,,,,,
KJC,,,,,,,,,,KJC,,,,,,,
KJD,,,,,,,,,,KJD,,,,,,,
KJE,,,,,,,,,,KJE,,,,,,,
KJF,,,,,,,,,,KJF,,,,,,,
KJG,,,,,,,,,,KJG,,,,,,,
KJH,,,,,,,,,,KJH,,,,,,,
KJJ,,,,,,,,,,KJJ,,,,,,,
KJK,,,,,,,,,,KJK,,,,,,,
KJL,,,,,,,,,,KJL,,,,,,,
KJM,,,,,,,,,,KJM,,,,,,,
KJMB,,,,,,,,,,KJMB,,,,,,,
KJMD,,,,,,,,,,KJMD,,,,,,,
KJMP,,,,,,,,,,KJMP,,,,,,,
KJMQ,,,,,,,,,,KJMQ,,,,,,,
KJMT,,,,,,,,,,KJMT,,,,,,,
KJMV,,,,,,,,,,KJMV,,,,,,,
KJMV1,,,,,,,,,,KJMV1,,,,,,,
KJMV2,,,,,,,,,,KJMV2,,,,,,,
KJMV3,,,,,,,,,,KJMK,,,,,,,
KJMV4,,,,,,,,,,KJMV4,,,,,,,
KJMV5,,,,,,,,,,KJMV5,,,,,,,
KJMV6,,,,,,,,,,KJMV6,,,,,,,
KJMV7,,,,,,,,,,KJMV7,,,,,,,
KJMV8,,,,,,,,,,KJMV8,,,,,,,
KJMV9,,,,,,,,,,KJMV9,,,,,,,
KJN,,,,,,,,,,KJN,,,,,,,
KJP,,,,,,,,,,KJP,,,,,,,
KJQ,,,,,,,,,,KJQ,,,,,,,
KJR,,,,,,,,,,KJR,,,,,,,
KJRD,,,,,,,,,,KJR,,,,,,,
KJRS,,,,,,,,,,KJR,,,,,,,
KJS,,,,,,,,,,KJS,,,,,,,
KJSA,,,,,,,,,,KJSA,,,,,,,
KJSM,,,,,,,,,,KJSM,,,,,,,
KJSP,,,,,,,,,,KJSP,,,,,,,
KJSU,,,,,,,,,,KJSU,,,,,,,
KJT,,,,,,,,,,KJT,,,,,,,
KJU,,,,,,,,,,KJU,,,,,,,
KJV,,,,,,,,,,KJV,,,,,,,
KJVB,,,,,,,,,,KJVB,,,,,,,
KJVD,,,,,,,,,,KJVD,,,,,,,
KJVF,,,,,,,,,,KJVF,,,,,,,
KJVG,,,,,,,,,,KJVG,,,,,,,
KJVN,,,,,,,,,,KJVN,,,,,,,
KJVP,,,,,,,,,,KJVP,,,,,,,
KJVS,,,,,,,,,,KJVS,,,,,,,
KJVT,,,,,,,,,,KJVT,,,,,,,
KJVV,,,,,,,,,,KJVV,,,,,,,
KJVW,,,,,,,,,,KJVW,,,,,,,
KJVX,,,,,,,,,,KJVX,,,,,,,
KJW,,,,,,,,,,KJW,,,,,,,
KJWB,,,,,,,,,,KJWB,,,,,,,
KJWF,,,,,,,,,,KJWF,,,,,,,
KJWS,,,,,,,,,,KJWS,,,,,,,
KJWX,,,,,,,,,,KJWX,,,,,,,
KJZ,,,,,,,,,,KJZ,,,,,,,
KN,,,,,,,,,,KN,,,,,,,
KNA,,,,,,,,,,KNA,,,,,,,
KNAC,,,,,,,,,,KNAC,,,,,,,
KNAF,,,,,,,,,,KNAF,,,,,,,
KNAL,,,,,,,,,,KNAL,,,,,,,
KNAT,,,,,,,,,,KNAT,,,,,,,
KNB,,,,,,,,,,KNB,,,,,,,
KNBC,,,,,,,,,,KNB,,,,,,,
KNBG,,,,,,,,,,KNB,,,,,,,
KNBL,,,,,,,,,,KNBL,,,,,,,
KNBN,,,,,,,,,,KNB,,,,,,,
KNBP,,,,,,,,,,KNBP,,,,,,,
KNBT,,,,,,,,,,KNBT,,,,,,,
KNBW,,,,,,,,,,KNBW,,,,,,,
KND,,,,,,,,,,KND,,,,,,,
KNDC,,,,,,,,,,KNDC,,,,,,,
KNDD,,,,,,,,,,KNDD,,,,,,,
KNDF,,,,,,,,,,KND,,,,,,,
KNDF1,,,,,,,,,,KND,,,,,,,
KNDH,,,,,,,,,,KND,,,,,,,
KNDH1,,,,,,,,,,KND,,,,,,,
KNDM,,,,,,,,,,KND,,,,,,,
KNDP,,,,,,,,,,KND,,,,,,,
KNDR,,,,,,,,,,KNDR,,,,,,,
KNDS,,,,,,,,,,KND,,,,,,,
KNDV,,,,,,,,,,KND,,,,,,,
KNG,,,,,,,,,,KNG,,,,,,,
KNGR,,,,,,,,,,KNG,,,,,,,
KNGS,,,,,,,,,,KNG,,,,,,,
KNGT,,,,,,,,,,KNG,,,,,,,
KNGV,,,,,,,,,,KNG,,,,,,,
KNGV1,,,,,,,,,,KNG,,,,,,,
KNJ,,,,,,,,,,KNJ,,,,,,,
KNJC,,,,,,,,,,KNJC,,,,,,,
KNJH,,,,,,,,,,KNJH,,,,,,,
KNP,,,,,,,,,,KNP,,,,,,,
KNPR,,,,,,,,,,KNP,,,,,,,
KNPW,,,,,,,,,,KNP,,,,,,,
KNS,,,,,,,,,,KNS,,,,,,,
KNSG,,,,,,,,,,KNSG,,,,,,,
KNSH,,,,,,,,,,KNS,,,,,,,
KNSJ,,,,,,,,,,KNSJ,,,,,,,
KNSP,,,,,,,,,,KNS,,,,,,,
KNSS,,,,,,,,,,KNS,,,,,,,
KNSS1,,,,,,,,,,KNS,,,,,,,
KNST,,,,,,,,,,KNS,,,,,,,
KNSX,,,,,,,,,,KNSX,,,,,,,
KNSZ,,,,,,,,,,KNS,,,,,,,
KNT,,,,,,,,,,KNT,,,,,,,
KNTC,,,,,,,,,,KNTC,,,,,,,
KNTD,,,,,,,,,,KNTC,,,,,,,
KNTF,,,,,,,,,,KNTF,,,,,,,
KNTJ,,,,,,,,,,KNTP2,,,,,,,
KNTP,,,,,,,,,,KNTP1,,,,,,,
KNTR,,,,,,,,,,KNTR,,,,,,,
KNTT,,,,,,,,,,KNT,,,,,,,
KNTX,,,,,,,,,,KNTX,,,,,,,
KNTX1,,,,,,,,,,KNTX,,,,,,,
KNTY,,,,,,,,,,KNT,,,,,,,
KNV,,,,,,,,,,KNV,,,,,,,
KNX,,,,,,,,,,KNX,,,,,,,
KNXB,,,,,,,,,,KNX,,,,,,,
KNXB1,,,,,,,,,,KNX,,,,,,,
KNXB2,,,,,,,,,,KNXU,,,,,,,
KNXB3,,,,,,,,,,KNXN,,,,,,,
KNXC,,KNDF,,,,,,,,TDCT1,,,,,,,
KNXC,TDCT,,,,,,,,,TDCT1,,,,,,,
KNXC,,,,,,,,,else,KNXC,,,,,,,
L,,,,,,,,,,L,,,,,,,
LA,,,,,,,,,,LA,,,,,,,
LAB,,,,,,,,,,LAB,,,,,,,
LAF,,JFSR1,,,,,,,,LAFT,JBSR,,5PGJ,,,,
LAF,,JFSR2,,,,,,,,LAFS,JBSR,,5PGP,,,,
LAF,HRJ,,,,,,,,,LAFT,,,,,,,
LAF,HRH,,,,,,,,,LAFS,,,,,,,
LAF,,,,,,,,,else,LAF,,,,,,,
LAFC,,,,,,,,,,LAFC,,,,,,,
LAFD,,,,,,,,,,LAFD,,,,,,,
LAFR,,,,,,,,,,LAFR,,,,,,,
LAFS,,,,,,,,,,LAFS,,,,,,,
LAFX,,,,,,,,,,LAFX,,,,,,,
LAM,,,,,,,,,,LAM,,,,,,,
LAQ,,,,,,,,,,LAQ,,,,,,,
LAQG,,,,,,,,,,LAQG,,,,,,,
LAR,,,,,,,,,,LAR,,,,,,,
LAS,,CBW,,,,,,,,LASH,,,,,,,
LAS,,GPS,,,,,,,,LASN,,,,,,,
LAS,,,,,,,,,else,LAS,,,,,,,
LASD,,,,,,,,,,LASD,,,,,,,
LASP,,,,,,,,,,LASP,,,,,,,
LAT,,,,,,,,,,LAT,,,,,,,
LATC,,,,,,,,,,LATC,,,,,,,
LAY,,,,,,,,,,LAY,,,,,,,
LAZ,,,,,,,,,,LAZ,,,,,,,
LB,,,,,,,,,,LB,,,,,,,
LBB,,,,,,,,,,LBB,,,,,,,
LBBC,,,,,,,,,,LBBC,,,,,,,
LBBC1,,,,,,,,,,LBBC1,,,,,,,
LBBD,,,,,,,,,,LBBD,,,,,,,
LBBF,,,,,,,,,,LBBF,,,,,,,
LBBJ,,,,,,,,,,LBBJ,,,,,,,
LBBK,,,,,,,,,,LBBK,,,,,,,
LBBM,,,,,,,,,,LBBM,,,,,,,
LBBM1,,,,,,,,,,LBBM1,,,,,,,
LBBM3,,,,,,,,,,LBBM3,,,,,,,
LBBP,,,,,,,,,,LBBP,,,,,,,
LBBR,,,,,,,,,,LBBR,,,,,,,
LBBS,,,,,,,,,,LBBS,,,,,,,
LBBU,,,,,,,,,,LBBU,,,,,,,
LBBV,,,,,,,,,,LBBV,,,,,,,
LBBZ,,,,,,,,,,LBBZ,,,,,,,
LBD,,,,,,,,,,LBD,,,,,,,
LBDA,,,,,,,,,,LBDA,,,,,,,
LBDK,,,,,,,,,,LBDK,,,,,,,
LBDM,,,,,,,,,,LBDM,,,,,,,
LBDT,,,,,,,,,,LBDT,,,,,,,
LBG,,,,,,,,,,LBG,,,,,,,
LBH,,,,,,,,,,LBH,,,,,,,
LBHG,,,,,,,,,,LBHG,,,,,,,
LBHT,,,,,,,,,,LBHT,,,,,,,
LBL,,,,,,,,,,LBL,,,,,,,
LN,,,,,,,,,,LN,,,,,,,
LNA,,,,,,,,,,LNA,,,,,,,
LNAA,,,,,,,,,,LNAA,,,,,,,
LNAA1,,,,,,,,,,LNAA1,,,,,,,
LNAA2,,,,,,,,,,LNAA2,,,,,,,
LNAC,,,,,,,,,,LNAC,,,,,,,
LNAC1,,,,,,,,,,LNAC1,,,,,,,
LNAC12,,,,,,,,,,LNAC12,,,,,,,
LNAC14,,,,,,,,,,LNAC14,,,,,,,
LNAC16,,,,,,,,,,LNAC16,,,,,,,
LNAC3,,,,,,,,,,LNAC3,,,,,,,
LNAC5,,,,,,,,,,LNAC5,,,,,,,
LNAF,,,,,,,,,,LNAF,,,,,,,
LNAL,,,,,,,,,,LNAL,,,,,,,
LNB,,,,,,,,,,LNB,,,,,,,
LNC,,,,,,,,,,LNC,,,,,,,
LNCB,,KNSG,,,,,,,,LNCB8,,,,,,,
LNCB,,KNSH,,,,,,,,LNCB8,,,,,,,
LNCB,,,,,,,,,else,LNCB,,,,,,,
LNCB1,,,,,,,,,,LNCB1,,,,,,,
LNCB2,,,,,,,,,,LNCB2,,,,,,,
LNCB3,,,,,,,,,,LNCB3,,,,,,,
LNCB4,,,,,,,,,,LNCB4,,,,,,,
LNCB5,,,,,,,,,,LNCB5,,,,,,,
LNCB6,,,,,,,,,,LNCB6,,,,,,,
LNCD,,,,,,,,,,LNCD,,,,,,,
LNCD1,,,,,,,,,,LNCD1,,,,,,,
LNCF,,,,,,,,,,LNCF,,,,,,,
LNCH,,,,,,,,,,LNCH,,,,,,,
LNCJ,,,,,,,,,,LNCJ,,,,,,,
LNCL,,,,,,,,,,LNCL,,,,,,,
LNCN,,,,,,,,,,LNCN,,,,,,,
LNCQ,,,,,,,,,,LNCQ,,,,,,,
LNCR,,,,,,,,,,LNCR,,,,,,,
LND,,,,,,,,,,LND,,,,,,,
LNDA,,,,,,,,,,LNDA,,,,,,,
LNDA1,,,,,,,,,,LNDA1,,,,,,,
LNDA3,,,,,,,,,,LNDA3,,,,,,,
LNDC,,,,,,,,,,LNDC,,,,,,,
LNDC2,,,,,,,,,,LNDC2,,,,,,,
LNDC4,,,,,,,,,,LNDC4,,,,,,,
LNDF,,,,,,,,,,LNDF,,,,,,,
LNDH,,,,,,,,,,LNDH,,,,,,,
LNDK,,,,,,,,,,LNDK,,,,,,,
LNDM,,,,,,,,,,LNDM,,,,,,,
LNDP,,,,,,,,,,LNDP,,,,,,,
LNDS,,,,,,,,,,LNDS,,,,,,,
LNDU,,,,,,,,,,LNDU,,,,,,,
LNF,,,,,,,,,,LNF,,,,,,,
LNFB,,,,,,,,,,LNFB,,,,,,,
LNFG,,,,,,,,,,LNFG,,,,,,,
LNFJ,,,,,,,,,,LNFJ,,,,,,,
LNFJ1,,,,,,,,,,LNFJ1,,,,,,,
LNFL,,,,,,,,,,LNFL,,,,,,,
LNFN,,,,,,,,,,LNFN,,,,,,,
LNFQ,,,,,,,,,,LNFQ,,,,,,,
LNFR,,,,,,,,,,LNFR,,,,,,,
LNFT,,,,,,,,,,LNFT,,,,,,,
LNFV,,,,,,,,,,LNFV,,,,,,,
LNFX,,,,,,,,,,LNFX,,,,,,,
LNFX1,,,,,,,,,,LNFX1,,,,,,,
LNFX3,,,,,,,,,,LNFX3,,,,,,,
LNFX5,,,,,,,,,,LNFX5,,,,,,,
LNH,,,,,,,,,,LNH,,,,,,,
LNHD,,,,,,,,,,LNHD,,,,,,,
LNHH,,,,,,,,,,LNHH,,,,,,,
LNHR,,,,,,,,,,LNHR,,,,,,,
LNHU,,,,,,,,,,LNHU,,,,,,,
LNJ,,,,,,,,,,LNJ,,,,,,,
LNJD,,,,,,,,,,LNJD,,,,,,,
LNJS,,,,,,,,,,LNJS,,,,,,,
LNJX,,,,,,,,,,LNJX,,,,,,,
LNK,,,,,,,,,,LNK,,,,,,,
LNKF,,,,,,,,,,LNKF,,,,,,,
LNKG,,,,,,,,,,LNKG,,,,,,,
LNKJ,,,,,,,,,,LNKJ,,,,,,,
LNKN,,,,,,,,,,LNKN,,,,,,,
LNKT,,,,,,,,,,LNKT,,,,,,,
LNKV,,,,,,,,,,LNKV,,,,,,,
LNKW,,,,,,,,,,LNKW,,,,,,,
LNL,,,,,,,,,,LNL,,,,,,,
LNM,,,,,,,,,,LNM,,,,,,,
LNMB,,,,,,,,,,LNMB,,,,,,,
LNMC,,,,,,,,,,LNMC,,,,,,,
LNMF,,,,,,,,,,LNMF,,,,,,,
LNMK,,,,,,,,,,LNMK,,,,,,,
LNP,,,,,,,,,,LNP,,,,,,,
LNPA,,,,,,,,,,LNPA,,,,,,,
LNPB,,,,,,,,,,LNPB,,,,,,,
LNPC,,,,,,,,,,LNPC,,,,,,,
LNPD,,,,,,,,,,LNPD,,,,,,,
LNPF,,,,,,,,,,LNPF,,,,,,,
LNPN,,,,,,,,,,LNPN,,,,,,,
LNPP,,,,,,,,,,LNPP,,,,,,,
LNQ,,,,,,,,,,LNQ,,,,,,,
LNQD,,,,,,,,,,LNQD,,,,,,,
LNR,,,,,,,,,,LNR,,,,,,,
LNRC,,,,,,,,,,LNRC,,,,,,,
LNRD,,,,,,,,,,LNRD,,,,,,,
LNRF,,,,,,,,,,LNRF,,,,,,,
LNRL,,,,,,,,,,LNRL,,,,,,,
LNRV,,,,,,,,,,LNRV,,,,,,,
LNS,,,,,,,,,,LNS,,,,,,,
LNSH,,,,,,,,,,LNSH,,,,,,,
LNSH1,,,,,,,,,,LNSH1,,,,,,,
LNSH3,,,,,,,,,,LNSH3,,,,,,,
LNSH5,,,,,,,,,,LNSH5,,,,,,,
LNSH7,,,,,,,,,,LNSH7,,,,,,,
LNSH9,,,,,,,,,,LNSH9,,,,,,,
LNSP,,,,,,,,,,LNSP,,,,,,,
LNT,,,,,,,,,,LNT,,,,,,,
LNTC,,,,,,,,,,LNTC,,,,,,,
LNTD,,,,,,,,,,LNTD,,,,,,,
LNTH,,,,,,,,,,LNTH,,,,,,,
LNTH1,,,,,,,,,,LNTH1,,,,,,,
LNTJ,,,,,,,,,,LNTJ,,,,,,,
LNTM,,,,,,,,,,LNTM,,,,,,,
LNTM1,,,,,,,,,,LNTM1,,,,,,,
LNTM2,,,,,,,,,,LNTM2,,,,,,,
LNTQ,,,,,,,,,,LNTQ,,,,,,,
LNTS,,,,,,,,,,LNTS,,,,,,,
LNTU,,,,,,,,,,LNTU,,,,,,,
LNTX,,,,,,,,,,LNTX,,,,,,,
LNU,,,,,,,,,,LNU,,,,,,,
LNUC,,,,,,,,,,LNUC,,,,,,,
LNUP,,,,,,,,,,LNUP,,,,,,,
LNUS,,,,,,,,,,LNUS,,,,,,,
LNUT,,,,,,,,,,LNUT,,,,,,,
LNV,,,,,,,,,,LNV,,,,,,,
LNVC,,,,,,,,,,LNVC,,,,,,,
LNVF,,,,,,,,,,LNVF,,,,,,,
LNVJ,,,,,,,,,,LNVJ,,,,,,,
LNW,,,,,,,,,,LNW,,,,,,,
LNZ,,,,,,,,,,LNZ,,,,,,,
LNZC,,,,,,,,,,LNZC,,,,,,,
LNZL,,,,,,,,,,LNZL,,,,,,,
LR,,,,,,,,,,LX,,,,,,,
M,,,,,,,,,,M,,,,,,,
MB,,,,,,,,,,MB,,,,,,,
MBD,,,,,,,,,,MBD,,,,,,,
MBDC,,,,,,,,,,MBDC,,,,,,,
MBDP,,,,,,,,,,MBDP,,,,,,,
MBF,,,,,,,,,,MBF,,,,,,,
MBG,,,,,,,,,,MBG,,,,,,,
MBGL,,,,,,,,,,MBGL,,,,,,,
MBGR,,,,,,,,,,MBGR,,,,,,,
MBGR1,,,,,,,,,,MBGR1,,,,,,,
MBGT,,,,,,,,,,MBGT,,,,,,,
MBN,,,,,,,,,,MBN,,,,,,,
MBNC,,,,,,,,,,MBNC,,,,,,,
MBNH,,,,,,,,,,MBNH,,,,,,,
MBNH1,,,,,,,,,,MBNH1,,,,,,,
MBNH2,,,,,,,,,,MBNH2,,,,,,,
MBNH3,,,,,,,,,,MBNH3,,,,,,,
MBNH4,,,,,,,,,,MBNH4,,,,,,,
MBNH9,,,,,,,,,,MBNH9,,,,,,,
MBNS,,,,,,,,,,MBNS,,,,,,,
MBP,,,,,,,,,,MBP,,,,,,,
MBPC,,,,,,,,,,MBPC,,,,,,,
MBPK,,,,,,,,,,MBPK,,,,,,,
MBPM,,,,,,,,,,MBPM,,,,,,,
MBPR,,,,,,,,,,MBPR,,,,,,,
MBQ,,,,,,,,,,MBQ,,,,,,,
MBS,,,,,,,,,,MBS,,,,,,,
MBX,,,,,,,,,,MBX,,,,,,,
MF,,,,,,,,,,MF,,,,,,,
MFC,,,,,,,,,,MFC,,,,,,,
MFCC,,,,,,,,,,MFCC,,,,,,,
MFCH,,,,,,,,,,MFCH,,,,,,,
MFCR,,,,,,,,,,MFCR,,,,,,,
MFCX,,,,,,,,,,MFCX,,,,,,,
MFG,,,,,,,,,,MFG,,,,,,,
MFGC,,,,,,,,,,MFGC,,,,,,,
MFGG,,,,,,,,,,MFGG,,,,,,,
MFGM,,,,,,,,,,MFGM,,,,,,,
MFGV,,,,,,,,,,MFGV,,,,,,,
MFK,,,,,,,,,,MFK,,,,,,,
MFKC,,,,,,,,,,MFKC,,,,,,,
MFKC1,,,,,,,,,,MFKC1,,,,,,,
MFKC3,,,,,,,,,,MFKC3,,,,,,,
MFKH,,,,,,,,,,MFKH,,,,,,,
MFKH3,,,,,,,,,,MFKH3,,,,,,,
MFN,,,,,,,,,,MFN,,,,,,,
MJ,,,,,,,,,,MJ,,,,,,,
MJA,,,,,,,,,,MJA,,,,,,,
MJAD,,,,,,,,,,MJAD,,,,,,,
MJC,,,,,,,,,,MJC,,,,,,,
MJCG,,,,,,,,,,MJCG,,,,,,,
MJCG1,,,,,,,,,,MJCG1,,,,,,,
MJCJ,,,,,,,,,,MJCJ,,,,,,,
MJCJ1,,,,,,,,,,MJCJ1,,,,,,,
MJCJ2,,,,,,,,,,MJCJ2,,,,,,,
MJCJ3,,,,,,,,,,MJCJ3,,,,,,,
MJCL,,,,,,,,,,MJCL,,,,,,,
MJCL1,,,,,,,,,,MJCL1,,,,,,,
MJCL2,,,,,,,,,,MJCL2,,,,,,,
MJCM,,,,,,,,,,MJCM,,,,,,,
MJCM1,,,,,,,,,,MJCM1,,,,,,,
MJD,,,,,,,,,,MJD,,,,,,,
MJE,,,,,,,,,,MJE,,,,,,,
MJF,,,,,,,,,,MJF,,,,,,,
MJG,,,,,,,,,,MJG,,,,,,,
MJGD,,,,,,,,,,MJGD,,,,,,,
MJH,,,,,,,,,,MJH,,,,,,,
MJJ,,,,,,,,,,MJJ,,,,,,,
MJK,,,,,,,,,,MJK,,,,,,,
MJL,,,,,,,,,,MJL,,,,,,,
MJM,,,,,,,,,,MJM,,,,,,,
MJN,,,,,,,,,,MKJ,,,,,,,
MJNA,,,,,,,,,,MKJA,,,,,,,
MJND,,,,,,,,,,MKJD,,,,,,,
MJP,,,,,,,,,,MJP,,,,,,,
MJPD,,,,,,,,,,MJPD,,,,,,,
MJQ,,,,,,,,,,MJQ,,,,,,,
MJR,,,,,,,,,,MJR,,,,,,,
MJRD,,,,,,,,,,MJRD,,,,,,,
MJS,,,,,,,,,,MJS,,,,,,,
MJT,,,,,,,,,,MKC,,,,,,,
MJTF,,,,,,,,,,MKCM,,,,,,,
MJW,,,,,,,,,,MKD,,,,,,,
MJWN,,,,,,,,,,MKDN,,,,,,,
MJX,,,,,,,,,,MKN,,,,,,,
MJZ,,,,,,,,,,MKZV,,,,,,,
MM,,,,,,,,,,MK,,,,,,,
MMB,,,,,,,,,,MKA,,,,,,,
MMBP,,,,,,,,,,MKAL,,,,,,,
MMC,,,,,,,,,,MKB,,,,,,,
MMD,,,,,,,,,,MKE,,,,,,,
MMDS,,,,,,,,,,MKEP,,,,,,,
MMF,,,,,,,,,,MKF,,,,,,,
MMFC,,,,,,,,,,MKFC,,,,,,,
MMFH,,,,,,,,,,MKFH,,,,,,,
MMFM,,,,,,,,,,MKFM,,,,,,,
MMFP,,,,,,,,,,MKFP,,,,,,,
MMG,,,,,,,,,,MKG,,,,,,,
MMGT,,,,,,,,,,MKGT,,,,,,,
MMGW,,,,,,,,,,MKGW,,,,,,,
MMH,,MMF,,,,,,,,MKLD,,,,,,,
MMH,,,,,,,,,else,MKL,,,,,,,
MMJ,,,,,,,,,,MKM,,,,,,,
MMJT,,JKSN2,,,,,,,,MKMT5,,,,,,,
MMJT,,JMC,,,,,,,,MKMT3,JMC,,,,,,
MMJT,,JMF,,,,,,,,MKMT4,JMF,,,,,,
MMJT,,,,,,,,,else,MKMT,,,,,,,
MMJT1,,,,,,,,,,MKMT6,,,,,,,
MMK,,,,,,,,,,MKP,,,,,,,
MMKB,,,,,,,,,,MKPB,,,,,,,
MMKD,,,,,,,,,,MKPD,,,,,,,
MMKL,,,,,,,,,,MKPL,,,,,,,
MMN,,,,,,,,,,MKR,,,,,,,
MMP,,,,,,,,,,MKS,,,,,,,
MMPF,,,,,,,,,,MKSF,,,,,,,
MMPG,,,,,,,,,,MKSG,,,,,,,
MMPH,,,,,,,,,,MKSH,,,,,,,
MMPJ,,,,,,,,,,MKSJ,,,,,,,
MMQ,,,,,,,,,,MKT,,,,,,,
MMR,,,,,,,,,,MKV,,,,,,,
MMRB,,,,,,,,,,MKVB,,,,,,,
MMRD,,,,,,,,,,MKVD,,,,,,,
MMRP,,,,,,,,,,MKVP,,,,,,,
MMRT,,,,,,,,,,MKVT,,,,,,,
MMS,,,,,,,,,,MKW,,,,,,,
MMZ,,,,,,,,,,MKZ,,,,,,,
MMZD,,,,,,,,,,MKZD,,,,,,,
MMZF,,,,,,,,,,MKZF,,,,,,,
MMZL,,,,,,,,,,MKZL,,,,,,,
MMZR,,,,,,,,,,MKZR,,,,,,,
MMZS,,,,,,,,,,MKZS,,,,,,,
MN,,,,,,,,,,MN,,,,,,,
MNB,,,,,,,,,,MNB,,,,,,,
MNC,,,,,,,,,,MNC,,,,,,,
MNG,,,,,,,,,,MNG,,,,,,,
MNH,,,,,,,,,,MNH,,,,,,,
MNJ,,,,,,,,,,MNJ,,,,,,,
MNK,,,,,,,,,,MNK,,,,,,,
MNL,,,,,,,,,,MNL,,,,,,,
MNN,,,,,,,,,,MNN,,,,,,,
MNP,,,,,,,,,,MNP,,,,,,,
MNPC,,,,,,,,,,MNPC,,,,,,,
MNQ,,,,,,,,,,MNQ,,,,,,,
MNS,,,,,,,,,,MNS,,,,,,,
MNZ,,,,,,,,,,MNZ,,,,,,,
MQ,,,,,,,,,,MQ,,,,,,,
MQC,,,,,,,,,,MQC,,,,,,,
MQCA,,,,,,,,,,MQCA,,,,,,,
MQCB,,,,,,,,,,MQCB,,,,,,,
MQCH,,,,,,,,,,MQCH,,,,,,,
MQCL,,,,,,,,,,MQCL,,,,,,,
MQCL1,,,,,,,,,,MQCL1,,,,,,,
MQCL2,,,,,,,,,,MQCL2,,,,,,,
MQCL3,,,,,,,,,,MQCL3,,,,,,,
MQCL4,,,,,,,,,,MQCL4,,,,,,,
MQCL5,,,,,,,,,,MQCL5,,,,,,,
MQCL6,,,,,,,,,,MQCL6,,,,,,,
MQCL9,,,,,,,,,,MQCL9,,,,,,,
MQCM,,,,,,,,,,MQCM,,,,,,,
MQCW,,,,,,,,,,MQCW,,,,,,,
MQCX,,,,,,,,,,MQCX,,,,,,,
MQCZ,,,,,,,,,,MQCZ,,,,,,,
MQD,,,,,,,,,,MQD,,,,,,,
MQDB,,,,,,,,,,MQDB,,,,,,,
MQF,,,,,,,,,,MQF,,,,,,,
MQH,,,,,,,,,,MQH,,,,,,,
MQK,,,,,,,,,,MQK,,,,,,,
MQP,,,,,,,,,,MQP,,,,,,,
MQR,,,,,,,,,,MQR,,,,,,,
MQS,,,,,,,,,,MQS,,,,,,,
MQT,,,,,,,,,,MQT,,,,,,,
MQTC,,,,,,,,,,MQTC,,,,,,,
MQU,,,,,,,,,,MQU,,,,,,,
MQV,,,,,,,,,,MQV,,,,,,,
MQVB,,,,,,,,,,MQVB,,,,,,,
MQW,,,,,,,,,,MQW,,,,,,,
MQWB,,,,,,,,,,MQWB,,,,,,,
MQWP,,,,,,,,,,MQWP,,,,,,,
MQZ,,,,,,,,,,MQZ,,,,,,,
MR,,,,,,,,,,MR,,,,,,,
MRG,,,,,,,,,,MRG,,,,,,,
MRGD,,,,,,,,,,MRGD,,,,,,,
MRGK,,,,,,,,,,MRGK,,,,,,,
MRGL,,,,,,,,,,MRGL,,,,,,,
MRT,,,,,,,,,,MRT,,,,,,,
MX,,,,,,,,,,MX,,,,,,,
MXH,,,,,,,,,,MXH,,,,,,,
MZ,,,,,,,,,,MZ,,,,,,,
MZC,,,,,,,,,,MZC,,,,,,,
MZD,,,,,,,,,,MZD,,,,,,,
MZDH,,,,,,,,,,MZDH,,,,,,,
MZF,,,,,,,,,,MZF,,,,,,,
MZG,,,,,,,,,,MZG,,,,,,,
MZH,,,,,,,,,,MZH,,,,,,,
MZK,,,,,,,,,,MZK,,,,,,,
MZL,,,,,,,,,,MZL,,,,,,,
MZM,,,,,,,,,,MZM,,,,,,,
MZMP,,,,,,,,,,MZMP,,,,,,,
MZP,,,,,,,,,,MZP,,,,,,,
MZR,,,,,,,,,,MZR,,,,,,,
MZS,,,,,,,,,,MZS,,,,,,,
MZSN,,,,,,,,,,MZSN,,,,,,,
MZT,,,,,,,,,,MZT,,,,,,,
MZV,,,,,,,,,,MZV,,,,,,,
MZX,,,,,,,,,,MZX,,,,,,,
P,,,,,,,,,,P,,,,,,,
PB,,,,,,,,,,PB,,,,,,,
PBB,,,,,,,,,,PBB,,,,,,,
PBC,,,,,,,,,,PBC,,,,,,,
PBCD,,,,,,,,,,PBCD,,,,,,,
PBCH,,,,,,,,,,PBCH,,,,,,,
PBCN,,,,,,,,,,PBCN,,,,,,,
PBD,,,,,,,,,,PBD,,,,,,,
PBF,,,,,,,,,,PBF,,,,,,,
PBG,,,,,,,,,,PBG,,,,,,,
PBH,,,,,,,,,,PBH,,,,,,,
PBJ,,,,,,,,,,PBJ,,,,,,,
PBK,,,,,,,,,,PBK,,,,,,,
PBKA,,,,,,,,,,PBKA,,,,,,,
PBKB,,,,,,,,,,PBKB,,,,,,,
PBKD,,,,,,,,,,PBKD,,,,,,,
PBKF,,,,,,,,,,PBKF,,,,,,,
PBKJ,,,,,,,,,,PBKJ,,,,,,,
PBKL,,,,,,,,,,PBKL,,,,,,,
PBKQ,,,,,,,,,,PBKQ,,,,,,,
PBKS,,,,,,,,,,PBKS,,,,,,,
PBM,,,,,,,,,,PBM,,,,,,,
PBMB,,,,,,,,,,PBMB,,,,,,,
PBMH,,,,,,,,,,PBMH,,,,,,,
PBML,,,,,,,,,,PBML,,,,,,,
PBMP,,,,,,,,,,PBMP,,,,,,,
PBMS,,,,,,,,,,PBMS,,,,,,,
PBMW,,,,,,,,,,PBMW,,,,,,,
PBMX,,,,,,,,,,PBMX,,,,,,,
PBP,,,,,,,,,,PBP,,,,,,,
PBPD,,,,,,,,,,PBPD,,,,,,,
PBPH,,,,,,,,,,PBPH,,,,,,,
PBT,,,,,,,,,,PBT,,,,,,,
PBTB,,,,,,,,,,PBTB,,,,,,,
PBU,,,,,,,,,,PBU,,,,,,,
PBUD,,,,,,,,,,PBUD,,,,,,,
PBUH,,,,,,,,,,PBUH,,,,,,,
PBV,,,,,,,,,,PBV,,,,,,,
PBW,,,,,,,,,,PBW,,,,,,,
PBWH,,,,,,,,,,PBWH,,,,,,,
PBWL,,,,,,,,,,PBWL,,,,,,,
PBWR,,,,,,,,,,PBWR,,,,,,,
PBWS,,,,,,,,,,PBWS,,,,,,,
PBWX,,,,,,,,,,PBWX,,,,,,,
PBX,,,,,,,,,,PBX,,,,,,,
PD,,,,,,,,,,PD,,,,,,,
PDA,,,,,,,,,,PDA,,,,,,,
PDC,,,,,,,,,,PDC,,,,,,,
PDD,,,,,,,,,,PDD,,,,,,,
PDDM,,,,,,,,,,PDD,,,,,,,
PDE,,,,,,,,,,PDE,,,,,,,
PDG,,,,,,,,,,PDG,,,,,,,
PDK,,,,,,,,,,PDK,PDM,,,,,,
PDN,,,,,,,,,,PDN,,,,,,,
PDND,,,,,,,,,,PDN,,,,,,,
PDR,,,,,,,,,,PDR,,,,,,,
PDX,,,,,,,,,,PDX,,,,,,,
PDZ,,,,,,,,,,PDZ,,,,,,,
PDZM,,,,,,,,,,PDZM,,,,,,,
PG,,,,,,,,,,PG,,,,,,,
PGC,,,,,,,,,,PGC,,,,,,,
PGG,,,,,,,,,,PGG,,,,,,,
PGK,,,,,,,,,,PGK,,,,,,,
PGM,,,,,,,,,,PGM,,,,,,,
PGS,,,,,,,,,,PGS,,,,,,,
PGT,,,,,,,,,,PGT,,,,,,,
PGZ,,,,,,,,,,PGZ,,,,,,,
PH,,,,,,,,,,PH,,,,,,,
PHD,,,,,,,,,,PHD,,,,,,,
PHDB,,,,,,,,,,PHDB,,,,,,,
PHDD,,,,,,,,,,PHDD,,,,,,,
PHDF,,,,,,,,,,PHDF,,,,,,,
PHDS,,,,,,,,,,PHDS,,,,,,,
PHDT,,,,,,,,,,PHDT,,,,,,,
PHDV,,,,,,,,,,PHDV,,,,,,,
PHDY,,,,,,,,,,PHDY,,,,,,,
PHF,,,,,,,,,,PHF,,,,,,,
PHFB,,,,,,,,,,PHFB,,,,,,,
PHFC,,,,,,,,,,PHFC,,,,,,,
PHFC1,,,,,,,,,,PHFC1,,,,,,,
PHFC2,,,,,,,,,,PHFC2,,,,,,,
PHFG,,,,,,,,,,PHFG,,,,,,,
PHFP,,,,,,,,,,PHFP,,,,,,,
PHH,,,,,,,,,,PHH,,,,,,,
PHJ,,,,,,,,,,PHJ,,,,,,,
PHJL,,,,,,,,,,PHJL,,,,,,,
PHK,,,,,,,,,,PHK,,,,,,,
PHM,,,,,,,,,,PHM,,,,,,,
PHN,,,,,,,,,,PHN,,,,,,,
PHP,,,,,,,,,,PHP,,,,,,,
PHQ,,,,,,,,,,PHQ,,,,,,,
PHR,,,,,,,,,,PHR,,,,,,,
PHS,,,,,,,,,,PHS,,,,,,,
PHU,,,,,,,,,,PHU,,,,,,,
PHV,,,,,,,,,,PHV,,,,,,,
PHVB,,,,,,,,,,PHVB,,,,,,,
PHVD,,,,,,,,,,PHVD,,,,,,,
PHVG,,,,,,,,,,PHVG,,,,,,,
PHVJ,,,,,,,,,,PHVJ,,,,,,,
PHVN,,,,,,,,,,PHVN,,,,,,,
PHVQ,,,,,,,,,,PHVQ,,,,,,,
PHVS,,,,,,,,,,PHVS,,,,,,,
PN,,,,,,,,,,PN,,,,,,,
PNF,,,,,,,,,,PNF,,,,,,,
PNFC,,,,,,,,,,PNFC,,,,,,,
PNFR,,,,,,,,,,PNFR,,,,,,,
PNFS,,,,,,,,,,PNFS,,,,,,,
PNK,,,,,,,,,,PNK,,,,,,,
PNN,,,,,,,,,,PNN,,,,,,,
PNND,,,,,,,,,,PNND,,,,,,,
PNNP,,,,,,,,,,PNNP,,,,,,,
PNR,,,,,,,,,,PNR,,,,,,,
PNRC,,,,,,,,,,PNRC,,,,,,,
PNRD,,,,,,,,,,PNRD,,,,,,,
PNRH,,,,,,,,,,PNRH,,,,,,,
PNRL,,,,,,,,,,PNRL,,,,,,,
PNRP,,,,,,,,,,PNRP,,,,,,,
PNRS,,,,,,,,,,PNRS,,,,,,,
PNRW,,,,,,,,,,PNRW,,,,,,,
PNRX,,,,,,,,,,PNRX,,,,,,,
PNT,,,,,,,,,,PNT,,,,,,,
PNV,,,,,,,,,,PNV,,,,,,,
PS,,,,,,,,,,PS,,,,,,,
PSA,,,,,,,,,,PSA,,,,,,,
PSAB,,,,,,,,,,PSAB,,,,,,,
PSAD,,,,,,,,,,PSAD,,,,,,,
PSAF,,,,,,,,,,PSAF,,,,,,,
PSAG,,,,,,,,,,PSAG,,,,,,,
PSAJ,,,,,,,,,,PSAJ,,,,,,,
PSAK,,,,,,,,,,PSAK,,,,,,,
PSAK1,,,,,,,,,,PSAK,PSAX,,,,,,
PSAN,,,,,,,,,,PSAN,,,,,,,
PSB,,,,,,,,,,PSB,,,,,,,
PSBC,,,,,,,,,,PSB,,,,,,,
PSBF,,,,,,,,,,PSB,,,,,,,
PSBH,,,,,,,,,,PSB,,,,,,,
PSBM,,,,,,,,,,PSB,,,,,,,
PSBT,,,,,,,,,,PSB,,,,,,,
PSBZ,,,,,,,,,,PSB,,,,,,,
PSC,,,,,,,,,,PSC,,,,,,,
PSD,,,,,,,,,,PSD,,,,,,,
PSF,,,,,,,,,,PSF,,,,,,,
PSG,,,,,,,,,,PSG,,,,,,,
PSGD,,,,,,,,,,PSG,,,,,,,
PSGH,,,,,,,,,,PSG,,,,,,,
PSGL,,,,,,,,,,PSG,,,,,,,
PSGN,,,,,,,,,,PSGN,,,,,,,
PSP,,,,,,,,,,PSP,,,,,,,
PSPF,,,,,,,,,,PSPF,,,,,,,
PSPM,,,,,,,,,,PSPM,,,,,,,
PSQ,,,,,,,,,,PSQ,,,,,,,
PST,,,,,,,,,,PST,,,,,,,
PSTD,,,,,,,,,,PST,,,,,,,
PSTL,,,,,,,,,,PST,,,,,,,
PSTP,,,,,,,,,,PST,,,,,,,
PSTS,,,,,,,,,,PST,,,,,,,
PSTV,,,,,,,,,,PSPA,,,,,,,
PSV,,,,,,,,,,PSV,,,,,,,
PSVD,,,,,,,,,,PSV,,,,,,,
PSVH,,,,,,,,,,PSV,,,,,,,
PSVL,,,,,,,,,,PSV,,,,,,,
PSVP,,,,,,,,,,PSVP,,,,,,,
PSVS,,,,,,,,,,PSV,,,,,,,
PSVT,,,,,,,,,,PSVA,,,,,,,
PSVT3,,,,,,,,,,PSVA6,,,,,,,
PSVT5,,,,,,,,,,PSVA4,,,,,,,
PSVT6,,,,,,,,,,PSVA8,,,,,,,
PSVT7,,,,,,,,,,PSVA2,,,,,,,
PSVW,,,,,,,,,,PSV,,,,,,,
PSVW1,,,,,,,,,,PSVC,,,,,,,
PSVW3,,,,,,,,,,PSVF,,,,,,,
PSVW5,,,,,,,,,,PSVF,,,,,,,
PSVW6,,,,,,,,,,PSVJ,,,,,,,
PSVW7,,,,,,,,,,PSVM,,,,,,,
PSVW71,,,,,,,,,,PSVM1,,,,,,,
PSVW73,,,,,,,,,,PSVM2,,,,,,,
PSVW79,,,,,,,,,,PSVM3 ,,,,,,,
PSX,,,,,,,,,,PSX,,,,,,,
PSXE,,,,,,,,,,PSXE,,,,,,,
PSXM,,,,,,,,,,PSX,JHM,,,,,,
R,,,,,,,,,,R,,,,,,,
RB,,,,,,,,,,RB,,,,,,,
RBC,,,,,,,,,,RBC,,,,,,,
RBG,,,,,,,,,,RBG,,,,,,,
RBGB,,,,,,,,,,RBGB,,,,,,,
RBGD,,,,,,,,,,RBGD,,,,,,,
RBGF,,,,,,,,,,RBGF,,,,,,,
RBGG,,,,,,,,,,RBGG,,,,,,,
RBGH,,,,,,,,,,RBGH,,,,,,,
RBGK,,,,,,,,,,RBGK,,,,,,,
RBGL,,,,,,,,,,RBGL,,,,,,,
RBK,,,,,,,,,,RBK,,,,,,,
RBKC,,,,,,,,,,RBKC,,,,,,,
RBKF,,,,,,,,,,RBKF,,,,,,,
RBP,,,,,,,,,,RBP,,,,,,,
RBX,,,,,,,,,,RBX,,,,,,,
RG,,,,,,,,,,RG,,,,,,,
RGB,,,,,,,,,,RGB,,,,,,,
RGBA,,,,,,,,,,RGBA,,,,,,,
RGBC,,,,,,,,,,RGBC,,,,,,,
RGBF,,,,,,,,,,RGBF,,,,,,,
RGBL,,,,,,,,,,RGBL,,,,,,,
RGBP,,,,,,,,,,RGBP,,,,,,,
RGBR,,,,,,,,,,RGBR,,,,,,,
RGBS,,,,,,,,,,RGBS,,,,,,,
RGC,RN,,,,,,,,,RGCD,,,,,,,
RGC,,JFFN,,,,,,,,RGCG,,,,,,,
RGC,,JHBD,,,,,,,,RGCG,,,,,,,
RGC,,KNSG,,,,,,,,RGCT,,,,,,,
RGC,,JFSF,,,,,,,,RGCU,,,,,,,
RGC,,JFSG ,,,,,,,,RGCU,,,,,,,
RGC,,TRLN,,,,,,,,RGXM,,,,,,,
RGC,,,,,,,,,else,RGC,,,,,,,
RGCM,,,,,,,,,,RGCM,,,,,,,
RGCP,,,,,,,,,,RGCP,,,,,,,
RGL,,,,,,,,,,RGL,,,,,,,
RGM,,,,,,,,,,RGM,,,,,,,
RGR,,,,,,,,,,RGR,,,,,,,
RGS,,,,,,,,,,RGXH,,,,,,,
RGV,,,,,,,,,,RGV,,,,,,,
RGW,,,,,,,,,,RGW,,,,,,,
RGY,,,,,,,,,,RGV,,,,,,,
RN,,,,,,,,,,RN,,,,,,,
RNA,,,,,,,,,,RNA,,,,,,,
RNB,,,,,,,,,,RNB,,,,,,,
RNC,,,,,,,,,,RNC,,,,,,,
RNCB,,,,,,,,,,RNCB,,,,,,,
RND,,,,,,,,,,RND,,,,,,,
RNF,,,,,,,,,,RNF,,,,,,,
RNFD,,,,,,,,,,RNFD,,,,,,,
RNFF,,,,,,,,,,RNFF,,,,,,,
RNFY,,,,,,,,,,RNFY,,,,,,,
RNH,,,,,,,,,,RNH,,,,,,,
RNK,,,,,,,,,,RNK,,,,,,,
RNKH,,,,,,,,,,RNKH,,,,,,,
RNKH1,,,,,,,,,,RNKH1,,,,,,,
RNP,,,,,,,,,,RNP,,,,,,,
RNPD,,,,,,,,,,RNPD,,,,,,,
RNPG,,,,,,,,,,RNPG,,,,,,,
RNQ,,,,,,,,,,RNQ,,,,,,,
RNR,,,,,,,,,,RNR,,,,,,,
RNT,,,,,,,,,,RNT,,,,,,,
RNU,,,,,,,,,,RNU,,,,,,,
RP,,,,,,,,,,RP,,,,,,,
RPC,,,,,,,,,,RPC,,,,,,,
RPG,,,,,,,,,,RPG,,,,,,,
RPT,,,,,,,,,,RPT,,,,,,,
T,,,,,,,,,,T,,,,,,,
TB,,,,,,,,,,TB,,,,,,,
TBC,,,,,,,,,,TBC,,,,,,,
TBD,,,,,,,,,,TBD,,,,,,,
TBDG,,,,,,,,,,TBDG,,,,,,,
TBG,,,,,,,,,,TBG,,,,,,,
TBJ,,,,,,,,,,TBJ,,,,,,,
TBM,,,,,,,,,,TBM,,,,,,,
TBMM,,,,,,,,,,TBMM,,,,,,,
TBN,,,,,,,,,,TBN,,,,,,,
TBR,,,,,,,,,,TBR,,,,,,,
TBX,U,,,,,,,,,UBB,,,,,,,
TBX,,,,,,,,,else,TBX,,,,,,,
TBY,,,,,,,,,,TBY,,,,,,,
TC,,,,,,,,,,TC,,,,,,,
TCB,,,,,,,,,,TCB,,,,,,,
TCBG,,,,,,,,,,TCBG,,,,,,,
TCBS,,,,,,,,,,TCBS,,,,,,,
TD,,,,,,,,,,TD,,,,,,,
TDC,,,,,,,,,,TDC,,,,,,,
TDCB,,,,,,,,,,TDC,,,,,,,
TDCC,,,,,,,,,,TDC,,,,,,,
TDCD,,,,,,,,,,TDC,,,,,,,
TDCG,,,,,,,,,,TDC,,,,,,,
TDCH,,,,,,,,,,TDC,,,,,,,
TDCJ,,,,,,,,,,TDCJ,,,,,,,
TDCJ1,,,,,,,,,,TDCJ,,,,,,,
TDCK,TG,,,,,,,,,TGMS,,,,,,,
TDCK,,,,,,,,,else,TDC,,,,,,,
TDCP,,,,,,,,,,TDCP,,,,,,,
TDCQ,,,,,,,,,,TDCQ,,,,,,,
TDCR,,,,,,,,,,TDC,,,,,,,
TDCT,,,,,,,,,,TDCT,,,,,,,
TDCT1,,,,,,,,,,TDCT,,,,,,,
TDCT2,,,,,,,,,,TDCT,,,,,,,
TDCW,,,,,,,,,,TDCW,,,,,,,
TDG,,,,,,,,,,TDC,,,,,,,
TDH,,,,,,,,,,TDPF,,,,,,,
TDJ,,,,,,,,,,TDPJ,,,,,,,
TDJP,,,,,,,,,,TDPJ1,,,,,,,
TDM,,,,,,,,,,TDPM,,,,,,,
TDP,,,,,,,,,,TDP,,,,,,,
TDPB,,,,,,,,,,TGH,,,,,,,
TDPB1,,,,,,,,,,TDP,,,,,,,
TDPD,,,,,,,,,,TDP,,,,,,,
TDPF,,,,,,,,,,TDP,,,,,,,
TDPH,,,,,,,,,,TDP,,,,,,,
TDPP,,,,,,,,,,TDPP,,,,,,,
TG,,,,,,,,,,TG,,,,,,,
TGB,,,,,,,,,,TGB,,,,,,,
TGBF,,,,,,,,,,TGBF,,,,,,,
TGBN,,,,,,,,,,TGBN,,,,,,,
TGBN1,,,,,,,,,,TGBN,,,,,,,
TGM,,,,,,,,,,TGM,,,,,,,
TGMB,,,,,,,,,,TGMB,,,,,,,
TGMD,,,,,,,,,,TGMD,,,,,,,
TGMD4,,,,,,,,,,TGM,,,,,,,
TGMD5,,,,,,,,,,TGM,,,,,,,
TGMF,,,,,,,,,,TGMF,,,,,,,
TGMF1,,,,,,,,,,TGMF1,,,,,,,
TGMF2,,,,,,,,,,TGMF2,,,,,,,
TGMF3,,,,,,,,,,TGMF,,,,,,,
TGMT,,,,,,,,,,TGMT,,,,,,,
TGMT1,,,,,,,,,,TGMT,,,,,,,
TGP,,,,,,,,,,TGP,,,,,,,
TGPC,,,,,,,,,,TGPC,,,,,,,
TGPQ,,,,,,,,,,TGPQ,,,,,,,
TGPR,,,,,,,,,,TGPR,,,,,,,
TGX,,,,,,,,,,TGX,,,,,,,
TGXT,,,,,,,,,,TGX,,,,,,,
TGXW,,,,,,,,,,TGX,,,,,,,
TH,,,,,,,,,,TH,,,,,,,
THF,,,,,,,,,,THF,,,,,,,
THFG,,,,,,,,,,THFG,,,,,,,
THFP,,,,,,,,,,THFP,,,,,,,
THFS,,,,,,,,,,THFS,,,,,,,
THK,,,,,,,,,,THK,,,,,,,
THN,,,,,,,,,,THN,,,,,,,
THR,,,,,,,,,,THR,,,,,,,
THRB,,,,,,,,,,THY,,,,,,,
THRD,,,,,,,,,,THR,,,,,,,
THRF,,,,,,,,,,THR,,,,,,,
THRH,,,,,,,,,,THR,,,,,,,
THRM,,,,,,,,,,THRM,,,,,,,
THRS,,,,,,,,,,THRX,,,,,,,
THT,,,,,,,,,,THYC,,,,,,,
THX,,,,,,,,,,THV,,,,,,,
TJ,,,,,,,,,,TJ,,,,,,,
TJF,,,,,,,,,,TJF,,,,,,,
TJFC,,,,,,,,,,TJFC,,,,,,,
TJFD,,,,,,,,,,TJFD,,,,,,,
TJFD1,,,,,,,,,,TJFD,,,,,,,
TJFD3,,,,,,,,,,TJFD,,,,,,,
TJFD5,,,,,,,,,,TJFD,,,,,,,
TJFM,,,,,,,,,,TJFM,,,,,,,
TJFM1,,,,,,,,,,TJFM1,,,,,,,
TJFN,,,,,,,,,,TJFN,,,,,,,
TJK,,UYS,,,,,,,,TJKH,,,,,,,
TJK,,,,,,,,,else,TJK,,,,,,,
TJKD,,,,,,,,,,TJKD,,,,,,,
TJKR,,,,,,,,,,TJKR,,,,,,,
TJKS,,,,,,,,,,TJKS,,,,,,,
TJKT,,,,,,,,,,TJKT,,,,,,,
TJKT1,,,,,,,,,,TJKT1,,,,,,,
TJKV,,,,,,,,,,TJKV,,,,,,,
TJKW,,,,,,,,,,TJKW,,,,,,,
TN,,,,,,,,,,TN,,,,,,,
TNC,,,,,,,,,,TNC,,,,,,,
TNCB,,,,,,,,,,TNCB,,,,,,,
TNCB1,,,,,,,,,,TNCB,,,,,,,
TNCC,,,,,,,,,,TNCC,,,,,,,
TNCE,,,,,,,,,,TNCE,,,,,,,
TNCJ,,,,,,,,,,TNCJ,,,,,,,
TNF,,,,,,,,,,TNF,,,,,,,
TNFD,,,,,,,,,,TNF,,,,,,,
TNFH,,,,,,,,,,TNF,,,,,,,
TNFL,,,,,,,,,,TNFL,,,,,,,
TNFR,,,,,,,,,,TNF,,,,,,,
TNH,,,,,,,,,,TNH,,,,,,,
TNK,,,,,,,,,,TNK,,,,,,,
TNKF,,,,,,,,,,TNKF,,,,,,,
TNKH,,,,,,,,,,TNKH,,,,,,,
TNKS,,,,,,,,,,TNKS,,,,,,,
TNKX,,,,,,,,,,TNKX,,,,,,,
TNT,,,,,,,,,,TNT,,,,,,,
TNTB,,,,,,,,,,TNT,,,,,,,
TNTC,,,,,,,,,,TNT,,,,,,,
TNTP,,,,,,,,,,TNT,,,,,,,
TNTR,,,,,,,,,,TNT,,,,,,,
TQ,,,,,,,,,,TQ,,,,,,,
TQD,,,,,,,,,,TQD,,,,,,,
TQK,,,,,,,,,,TQK,,,,,,,
TQS,,,,,,,,,,TQS,,,,,,,
TQSR,,,,,,,,,,TQSR,,,,,,,
TQSR1,,,,,,,,,,TQSR,,,,,,,
TQSR3,,,,,,,,,,TQSR,,,,,,,
TQSW,,,,,,,,,,TQSW,,,,,,,
TQSW1,,,,,,,,,,TQSW,,,,,,,
TR,,,,,,,,,,TR,,,,,,,
TRC,,,,,,,,,,TRC,,,,,,,
TRCS,,,,,,,,,,TRCS,,,,,,,
TRCT,,,,,,,,,,TRCT,,,,,,,
TRF,,,,,,,,,,TRF,,,,,,,
TRFT,,,,,,,,,,TRFT,,,,,,,
TRL,,,,,,,,,,TRL,,,,,,,
TRLD,,,,,,,,,,TRLD,,,,,,,
TRLN,,,,,,,,,,TRLN,,,,,,,
TRLT,,,,,,,,,,TRLT,,,,,,,
TRP,,,,,,,,,,TRP,,,,,,,
TRPS,,,,,,,,,,TRPS,,,,,,,
TRT,,,,,,,,,,TRT,,,,,,,
TT,,,,,,,,,,TT,,,,,,,
TTA,,,,,,,,,,TTA,,,,,,,
TTB,,,,,,,,,,TTB,,,,,,,
TTBF,,,,,,,,,,TTBF,,,,,,,
TTBL,,,,,,,,,,TTBL,,,,,,,
TTBM,,,,,,,,,,TTBM,,,,,,,
TTBS,,,,,,,,,,TTBS,,,,,,,
TTD,,,,,,,,,,TTD,,,,,,,
TTDS,,,,,,,,,,TTDS,,,,,,,
TTM,,,,,,,,,,TTM,,,,,,,
TTMW,,,,,,,,,,TTMW,,,,,,,
TTP,,,,,,,,,,TTP,,,,,,,
TTS,,,,,,,,,,TTS,,,,,,,
TTSH,,,,,,,,,,TTS,,,,,,,
TTSX,,,,,,,,,,TTS,,,,,,,
TTU,,,,,,,,,,TTU,,,,,,,
TTV,,,,,,,,,,TTV,,,,,,,
TTVC,,,,,,,,,,TTVC,,,,,,,
TTVH,,,,,,,,,,TTVH,,,,,,,
TTVR,,,,,,,,,,TTVR,,,,,,,
TTX,,,,,,,,,,TTX,,,,,,,
TV,,,,,,,,,,TV,,,,,,,
TVB,,RBGB,,,,,,,,TVBP,,,,,,,
TVB,,,,,,,,,else,TVB,,,,,,,
TVD,,,,,,,,,,TVD,,,,,,,
TVDR,,,,,,,,,,TVDR,,,,,,,
TVF,,,,,,,,,,TVF,,,,,,,
TVG,,,,,,,,,,TVG,,,,,,,
TVH,,,,,,,,,,TVH,,,,,,,
TVHB,,,,,,,,,,TVHB,,,,,,,
TVHF,,,,,,,,,,TVHF,,,,,,,
TVHH,,,,,,,,,,TVHH,,,,,,,
TVHP,,,,,,,,,,TVHP,,,,,,,
TVK,,,,,,,,,,TVK,,,,,,,
TVKC,,,,,,,,,,TVK,,,,,,,
TVKF,,,,,,,,,,TVK,,,,,,,
TVM,,,,,,,,,,TVM,,,,,,,
TVP,,,,,,,,,,TVP,,,,,,,
TVQ,,,,,,,,,,TVQ,,,,,,,
TVR,,,,,,,,,,TVR,,,,,,,
TVS,,,,,,,,,,TVS,,,,,,,
TVSW,,,,,,,,,,TVSW,,,,,,,
TVT,,,,,,,,,,TVT,,,,,,,
U,,,,,,,,,,U,,,,,,,
UB,,,,,,,,,,UB,,,,,,,
UBH,,,,,,,,,,UBH,,,,,,,
UBJ,,,,,,,,,,UBJ,,,,,,,
UBL,,,,,,,,,,UBL,,,,,,,
UBW,,,,,,,,,,UBW,,,,,,,
UD,,,,,,,,,,UD,,,,,,,
UDA,,,,,,,,,,UDA,,,,,,,
UDB,,,,,,,,,,UDB,,,,,,,
UDBA,,,,,,,,,,UDBA,,,,,,,
UDBD,,,,,,,,,,UDBD,,,,,,,
UDBG,,,,,,,,,,UDBG,,,,,,,
UDBM,,,,,,,,,,UDBM,,,,,,,
UDBR,,,,,,,,,,UDBR,,,,,,,
UDBS,,,,,,,,,,UDBS,,,,,,,
UDBV,,,,,,,,,,UDBV,,,,,,,
UDF,,,,,,,,,,UDF,,,,,,,
UDH,,,,,,,,,,UDH,,,,,,,
UDM,,,,,,,,,,UDM,,,,,,,
UDP,,,,,,,,,,UDP,,,,,,,
UDQ,,,,,,,,,,UDQ,,,,,,,
UDT,,,,,,,,,,UDT,,,,,,,
UDV,,,,,,,,,,UDV,,,,,,,
UDX,,,,,,,,,,UDX,,,,,,,
UF,,,,,,,,,,UF,,,,,,,
UFB,,,,,,,,,,UFB,,,,,,,
UFBC,,,,,,,,,,UFB,,,,,,,
UFBF,,,,,,,,,,UFB,,,,,,,
UFBL,,,,,,,,,,UFB,,,,,,,
UFBP,,,,,,,,,,UFB,,,,,,,
UFBS,,,,,,,,,,UFB,,,,,,,
UFBW,,,,,,,,,,UFB,,,,,,,
UFC,,,,,,,,,,UFC,,,,,,,
UFCE,,,,,,,,,,UFC,,,,,,,
UFCL,,,,,,,,,,UFC,,,,,,,
UFD,,,,,,,,,,UFD,,,,,,,
UFDM,,,,,,,,,,UFD,,,,,,,
UFG,,,,,,,,,,UFG,,,,,,,
UFGP,,,,,,,,,,UFG,,,,,,,
UFK,,,,,,,,,,UFK,,,,,,,
UFL,,,,,,,,,,UFL,,,,,,,
UFLS,,,,,,,,,,UFLS,,,,,,,
UFM,,,,,,,,,,UFM,,,,,,,
UFP,,,,,,,,,,UFP,,,,,,,
UFS,,,,,,,,,,UFS,,,,,,,
UG,A,,,,,,,,,ATN,,,,,,,
UG,,,,,,,,,else,UG,,,,,,,
UGB,,,,,,,,,,UGB,,,,,,,
UGC,,,,,,,,,,UGC,,,,,,,
UGD,,,,,,,,,,UGD,,,,,,,
UGG ,,,,,,,,,,UGG ,,,,,,,
UGK,,,,,,,,,,UGK,,,,,,,
UGL,,,,,,,,,,UGL,,,,,,,
UGM,,,,,,,,,,UGM,,,,,,,
UGN,,,,,,,,,,UGN,,,,,,,
UGP,,,,,,,,,,UGP,,,,,,,
UGV,,,,,,,,,,UGV,,,,,,,
UK,,,,,,,,,,UK,,,,,,,
UKC,,,,,,,,,,UKC,,,,,,,
UKD,,,,,,,,,,UKD,,,,,,,
UKF,,,,,,,,,,UKF,,,,,,,
UKG,,,,,,,,,,UKG,,,,,,,
UKM,,,,,,,,,,UKM,,,,,,,
UKN,,,,,,,,,,UKN,,,,,,,
UKP,,,,,,,,,,UKP,,,,,,,
UKPC,,,,,,,,,,UKPC,,,,,,,
UKPM,,,,,,,,,,UKPM,,,,,,,
UKR,,,,,,,,,,UKR,,,,,,,
UKS,,,,,,,,,,UKS,,,,,,,
UKX,,,,,,,,,,UKX,,,,,,,
UL,,,,,,,,,,UL,,,,,,,
ULD,,,,,,,,,,ULD,,,,,,,
ULDF,,,,,,,,,,ULD,,,,,,,
ULDG,,,,,,,,,,ULD,,,,,,,
ULDL,,,,,,,,,,ULD,,,,,,,
ULDP,,,,,,,,,,ULD,,,,,,,
ULDT,,,,,,,,,,ULD,,,,,,,
ULDX,,,,,,,,,,ULD,,,,,,,
ULH,,,,,,,,,,ULH,,,,,,,
ULL,,,,,,,,,,ULJL,,,,,,,
ULLD,,,,,,,,,,ULJ,,,,,,,
ULLR,,,,,,,,,,ULJ,,,,,,,
ULLS,,,,,,,,,,ULJ,,,,,,,
ULLU,,,,,,,,,,ULJ,,,,,,,
ULN,,,,,,,,,,ULJ,,,,,,,
ULNB,,,,,,,,,,ULJ,,,,,,,
ULNH,,,,,,,,,,ULJ,,,,,,,
ULNM,,,,,,,,,,ULJ,,,,,,,
ULNS,,,,,,,,,,ULJ,,,,,,,
ULP,,,,,,,,,,ULP,,,,,,,
ULQ,,,,,,,,,,ULQ,,,,,,,
ULR,,,,,,,,,,ULR,,,,,,,
UM,,,,,,,,,,UM,,,,,,,
UMA,,,,,,,,,,UMA,,,,,,,
UMB,,,,,,,,,,UMB,,,,,,,
UMC,,,,,,,,,,UMC,,,,,,,
UMF,,,,,,,,,,UMF,,,,,,,
UMG,,,,,,,,,,UMG,,,,,,,
UMH,,,,,,,,,,UMH,,,,,,,
UMJ,,,,,,,,,,UMJ,,,,,,,
UMK,,,,,,,,,,UMK,,,,,,,
UMKB,,,,,,,,,,UMKB,,,,,,,
UMKC,,,,,,,,,,UMKC,,,,,,,
UMKL,,,,,,,,,,UMKL,,,,,,,
UML,,,,,,,,,,UML,,,,,,,
UMN,,,,,,,,,,UMN,,,,,,,
UMP,,,,,,,,,,UMP,,,,,,,
UMPN,,,,,,,,,,UMPN,,,,,,,
UMPW,,,,,,,,,,UMPW,,,,,,,
UMQ,,,,,,,,,,UMQ,,,,,,,
UMR,,,,,,,,,,UMR,,,,,,,
UMS,,,,,,,,,,UMS,,,,,,,
UMT,,,,,,,,,,UMT,,,,,,,
UMW,,,,,,,,,,UMW,,,,,,,
UMWS,,,,,,,,,,UMWS,,,,,,,
UMX,,,,,,,,,,UMX,,,,,,,
UMZ,,,,,,,,,,UMZ,,,,,,,
UMZL,,,,,,,,,,UMZL,,,,,,,
UMZT,,,,,,,,,,UMZT,,,,,,,
UMZW,,,,,,,,,,UMZW,,,,,,,
UN,,,,,,,,,,UN,,,,,,,
UNA,,,,,,,,,,UNA,,,,,,,
UNAR,,,,,,,,,,UNAR,,,,,,,
UNC,,,,,,,,,,UNC,,,,,,,
UND,,,,,,,,,,UND,,,,,,,
UNF,,,,,,,,,,UNF,,,,,,,
UNH,,,,,,,,,,UNH,,,,,,,
UNJ,,,,,,,,,,UNJ,,,,,,,
UNK,,,,,,,,,,UNK,,,,,,,
UNN,,,,,,,,,,UNN,,,,,,,
UNS,,,,,,,,,,UNS,,,,,,,
UNSB,,,,,,,,,,UNS,,,,,,,
UNSC,,,,,,,,,,UNS,,,,,,,
UNSF,,,,,,,,,,UNS,,,,,,,
UNSJ,,,,,,,,,,UNS,,,,,,,
UNSK,,,,,,,,,,UNS,,,,,,,
UNSM,,,,,,,,,,UNS,,,,,,,
UNSP,,,,,,,,,,UNS,,,,,,,
UNSX,,,,,,,,,,UNS,,,,,,,
UNSY,,,,,,,,,,UNS,,,,,,,
UQ,,,,,,,,,,UQ,,,,,,,
UQF,,,,,,,,,,UQF,,,,,,,
UQJ,,,,,,,,,,UQJ,,,,,,,
UQL,,,,,,,,,,UQL,,,,,,,
UQR,,,,,,,,,,UQR,,,,,,,
UQT,,,,,,,,,,UQT,,,,,,,
UR,,,,,,,,,,UR,,,,,,,
URD,,,,,,,,,,URD,,,,,,,
URH,,,,,,,,,,URH,,,,,,,
URJ,,,,,,,,,,URJ,,,,,,,
URQ,,,,,,,,,,URQ,,,,,,,
URS,,,,,,,,,,URS,,,,,,,
URW,,,,,,,,,,URW,,,,,,,
URY,,,,,,,,,,URY,,,,,,,
UT,,,,,,,,,,UT,,,,,,,
UTC,,,,,,,,,,UTC,,,,,,,
UTD,,,,,,,,,,UTD,,,,,,,
UTF,,,,,,,,,,UTF,,,,,,,
UTFB,,,,,,,,,,UTFB,,,,,,,
UTG,,,,,,,,,,UTG,,,,,,,
UTM,,,,,,,,,,UTM,,,,,,,
UTN,,,,,,,,,,UTN,,,,,,,
UTP,,,,,,,,,,UTP,,,,,,,
UTR,,,,,,,,,,UTR,,,,,,,
UTS,,,,,,,,,,UTS,,,,,,,
UTV,,,,,,,,,,UTV,,,,,,,
UTW,,,,,,,,,,UTW,,,,,,,
UTX,,,,,,,,,,UTX,,,,,,,
UY,,,,,,,,,,UY,,,,,,,
UYA,,,,,,,,,,UYA,,,,,,,
UYAM,,,,,,,,,,UYAM,,,,,,,
UYD,,,,,,,,,,UYD,,,,,,,
UYF,,,,,,,,,,UYF,,,,,,,
UYFL,,,,,,,,,,UYFL,,,,,,,
UYFP,,,,,,,,,,UYFP,,,,,,,
UYM,,,,,,,,,,UYM,,,,,,,
UYQ,,,,,,,,,,UYQ,,,,,,,
UYQE,,,,,,,,,,UYQE,,,,,,,
UYQL,,,,,,,,,,UYQL,,,,,,,
UYQM,,,,,,,,,,UYQM,,,,,,,
UYQN,,,,,,,,,,UYQN,,,,,,,
UYQP,,,,,,,,,,UYQP,,,,,,,
UYQS,,,,,,,,,,UYQS,,,,,,,
UYQV,,,,,,,,,,UYQV,,,,,,,
UYS,,,,,,,,,,UYS,,,,,,,
UYT,,,,,,,,,,UYT,,,,,,,
UYU,,,,,,,,,,UYU,,,,,,,
UYV,,,,,,,,,,UYV,,,,,,,
UYZ,,,,,,,,,,UYZ,,,,,,,
UYZF,,,,,,,,,,UYZF,,,,,,,
UYZG,,,,,,,,,,UYZG,,,,,,,
UYZM,,,,,,,,,,UYZM,,,,,,,
V,,,,,,,,,,V,,,,,,,
VF,,,,,,,,,,VF,,,,,,,
VFB,,,,,,,,,,VFB,,,,,,,
VFD,,VFX,,,,,,,,VFDJ,VFX,,,,,,
VFD,,VFXC,,,,,,,,VFDJ,VFXC,,,,,,
VFD,,VFXC1,,,,,,,,VFDJ,VFXC1,,,,,,
VFD,,,,,,,,,else,VFD,,,,,,,
VFDF,,,,,,,,,,VFDF,,,,,,,
VFDM,,,,,,,,,,VFDM,,,,,,,
VFDW,,,,,,,,,,VFDW,,,,,,,
VFG,,,,,,,,,,VFG,,,,,,,
VFJ,JFFE,,,,,,,,,VFJM,,,,,,,
VFJ,,,,,,,,,else,VFJ,,,,,,,
VFJB,,MJCL,,,,,,,,VFJB3,,,,,,,
VFJB,,MJCM1,,,,,,,,VFJB1,,,,,,,
VFJB,,MJD,,,,,,,,VFJB4,,,,,,,
VFJB,,MJGD,,,,,,,,VFJB5,,,,,,,
VFJB,,MJNA,,,,,,,,VFJR1,,,,,,,
VFJB,,MJND,,,,,,,,VFJB6,,,,,,,
VFJB,,,,,,,,,else,VFJB,,,,,,,
VFJD,,,,,,,,,,VFJD,,,,,,,
VFJG,,,,,,,,,,VFJG,,,,,,,
VFJJ,,,,,,,,,,VFJJ,,,,,,,
VFJK,,,,,,,,,,VFJK,,,,,,,
VFJP,,,,,,,,,,VFJP,,,,,,,
VFJS,,,,,,,,,,VFJS,,,,,,,
VFJX,,,,,,,,,,VFJX,,,,,,,
VFL,,,,,,,,,,VFL,,,,,,,
VFM,,,,,,,,,,VFM,,,,,,,
VFMD,,,,,,,,,,VFMD,,,,,,,
VFMG,,,,,,,,,,VFMG,,,,,,,
VFMS,,,,,,,,,,VFMS,,,,,,,
VFV,,,,,,,,,,VFV,,,,,,,
VFVC,,,,,,,,,,VFVC,,,,,,,
VFVG,,,,,,,,,,VFVG,,,,,,,
VFVK,,,,,,,,,,VFVK,,,,,,,
VFVS,,,,,,,,,,VFVS,,,,,,,
VFVX,,,,,,,,,,VFVX,,,,,,,
VFX,,,,,,,,,,VFX,,,,,,,
VFXB,,,,,,,,,,VFXB,,,,,,,
VFXB1,,,,,,,,,,VFXB1,,,,,,,
VFXC,,,,,,,,,,VFXC,,,,,,,
VFXC1,,,,,,,,,,VFXC1,,,,,,,
VS,,,,,,,,,,VS,,,,,,,
VSB,,,,,,,,,,VSB,,,,,,,
VSC,,,,,,,,,,VSC,,,,,,,
VSD,,,,,,,,,,VSD,,,,,,,
VSF,,,,,,,,,,VSF,,,,,,,
VSG,,,,,,,,,,VSG,,,,,,,
VSH,,,,,,,,,,VSH,,,,,,,
VSK,,,,,,,,,,VSK,,,,,,,
VSL,,,,,,,,,,VSL,,,,,,,
VSN,,,,,,,,,,VSN,,,,,,,
VSP,,,,,,,,,,VSP,,,,,,,
VSPM,,,,,,,,,,VSPM,,,,,,,
VSPT,,,,,,,,,,VSPT,,,,,,,
VSPX,,,,,,,,,,VSPX,,,,,,,
VSR,,,,,,,,,,VSR,,,,,,,
VSW,,,,,,,,,,VSW,,,,,,,
VSZ,,,,,,,,,,VSZ,,,,,,,
VX,,,,,,,,,,VX,,,,,,,
VXA,,,,,,,,,,VXA,,,,,,,
VXF,,,,,,,,,,VXF,,,,,,,
VXFA,,,,,,,,,,VXFA,,,,,,,
VXFA1,,,,,,,,,,VXFA1,,,,,,,
VXFC,,,,,,,,,,VXFC,,,,,,,
VXFC1,,,,,,,,,,VXFC1,,,,,,,
VXFD,,,,,,,,,,VXFD,,,,,,,
VXFG,,,,,,,,,,VXFG,,,,,,,
VXFJ,,,,,,,,,,VXFJ,,,,,,,
VXFN,,,,,,,,,,VXFN,,,,,,,
VXFT,,,,,,,,,,VXFT,,,,,,,
VXH,,,,,,,,,,VXH,,,,,,,
VXHA,,,,,,,,,,VXH,,,,,,,
VXHC,,,,,,,,,,VXHC,,,,,,,
VXHH,,,,,,,,,,VXHH,,,,,,,
VXHJ,,,,,,,,,,VXHJ,,,,,,,
VXHK,,,,,,,,,,VXHK,,,,,,,
VXHT,,,,,,,,,,VXHT,,,,,,,
VXHT1,,,,,,,,,,VXHT,,,,,,,
VXHT2,,,,,,,,,,VXHT,,,,,,,
VXM,,,,,,,,,,VXM,,,,,,,
VXN,,,,,,,,,,VXN,,,,,,,
VXP,,,,,,,,,,VXP,,,,,,,
VXPC,,,,,,,,,,VXPC,,,,,,,
VXPH,,,,,,,,,,VXPH,,,,,,,
VXPJ,,,,,,,,,,VXPJ,,,,,,,
VXPR,,,,,,,,,,VXPR,,,,,,,
VXPS,,,,,,,,,,VXPS,,,,,,,
VXQ,,,,,,,,,,VXQ,,,,,,,
VXQB,,,,,,,,,,VXQB,,,,,,,
VXQG,,,,,,,,,,VXQG,,,,,,,
VXQM,,,,,,,,,,VXQM,,,,,,,
VXV,,,,,,,,,,VXV,,,,,,,
VXW,,,,,,,,,,VXW,,,,,,,
VXWK,,,,,,,,,,VXWK,,,,,,,
VXWM,,,,,,,,,,VXWM,,,,,,,
VXWS,,,,,,,,,,VXWS,,,,,,,
VXWT,,,,,,,,,,VXWT,,,,,,,
W,,,,,,,,,,W,,,,,,,
WB,,,,,,,,,,WB,,,,,,,
WBA,,,,,,,,,,WBA,,,,,,,
WBB,,,,,,,,,,WBB,,,,,,,
WBC,,,,,,,,,,WBC,,,,,,,
WBD,,,,,,,,,,WBD,,,,,,,
WBF,,,,,,,,,,WBF,,,,,,,
WBH,,,,,,,,,,WBH,,,,,,,
WBHS,,,,,,,,,,WBHS,,,,,,,
WBJ,,,,,,,,,,WBJ,,,,,,,
WBN,,,,,,,,,,WBN,,,,,,,
WBQ,,,,,,,,,,WBQ,,,,,,,
WBR,,,,,,,,,,WBR,,,,,,,
WBS,,,,,,,,,,WBS,,,,,,,
WBT,,,,,,,,,,WBT,,,,,,,
WBTB,,,,,,,,,,WBTB,,,,,,,
WBTC,,,,,,,,,,WBTC,,,,,,,
WBTF,,,,,,,,,,WBTF,,,,,,,
WBTH,,,,,,,,,,WBTH,,,,,,,
WBTP,,,,,,,,,,WBTP,,,,,,,
WBTR,,,,,,,,,,WBTR,,,,,,,
WBTX,,,,,,,,,,WBTX,,,,,,,
WBV,,,,,,,,,,WBV,,,,,,,
WBVD,,,,,,,,,,WBVD,,,,,,,
WBVG,,,,,,,,,,WBVG,,,,,,,
WBVM,,,,,,,,,,WBVM,,,,,,,
WBVQ,,,,,,,,,,WBVQ,,,,,,,
WBVS,,,,,,,,,,WBVS,,,,,,,
WBW,,,,,,,,,,WBW,,,,,,,
WBX,,,,,,,,,,WBX,,,,,,,
WBXD,,,,,,,,,,WBXD,,,,,,,
WBXD1,,,,,,,,,,WBXD1,,,,,,,
WBXD2,,,,,,,,,,WBXD2,,,,,,,
WBXD3,,,,,,,,,,WBXD3,,,,,,,
WBXN,,,,,,,,,,WBXN,,,,,,,
WBZ,,,,,,,,,,WBZ,,,,,,,
WC,,,,,,,,,,WC,,,,,,,
WCB,,,,,,,,,,WCB,,,,,,,
WCC,,,,,,,,,,WCC,,,,,,,
WCF,,,,,,,,,,WCF,,,,,,,
WCG,,,,,,,,,,WCG,,,,,,,
WCJ,,,,,,,,,,WCJ,,,,,,,
WCK,,,,,,,,,,WCK,,,,,,,
WCL,,,,,,,,,,WCL,,,,,,,
WCN,,,,,,,,,,WCN,,,,,,,
WCP,,,,,,,,,,WCP,,,,,,,
WCR,,,,,,,,,,WCR,,,,,,,
WCS,,,,,,,,,,WCS,,,,,,,
WCU,,,,,,,,,,WCU,,,,,,,
WCV,,,,,,,,,,WCV,,,,,,,
WCW,,,,,,,,,,WCW,,,,,,,
WCX,AVR,,,,,,,,,WCXM,,,,,,,
WCX,PDN,,,,,,,,,WXCS,,,,,,,
WCX,,,,,,,,,else,WCX,,,,,,,
WD,,,,,,,,,,WD,,,,,,,
WDH,,,,,,,,,,WDH,,,,,,,
WDHM,,,,,,,,,,WDHM,,,,,,,
WDHR,,,,,,,,,,WDHR,,,,,,,
WDHW,,,,,,,,,,WDHW,,,,,,,
WDJ,,,,,,,,,,WDJ,,,,,,,
WDK,,,,,,,,,,WDK,,,,,,,
WDKC,,,,,,,,,,WDKC,,,,,,,
WDKN,,,,,,,,,,WDKN,,,,,,,
WDKX,,,,,,,,,,WDKX,,,,,,,
WDM,,,,,,,,,,WDM,,,,,,,
WDMC,,,,,,,,,,WDMC,,,,,,,
WDMC1,,,,,,,,,,WDMC1,,,,,,,
WDMC2,,,,,,,,,,WDMC2,,,,,,,
WDMG,,,,,,,,,,WDMG,,,,,,,
WDMG1,,,,,,,,,,WDMG1,,,,,,,
WDP,,,,,,,,,,WDP,,,,,,,
WF,,,,,,,,,,WF,,,,,,,
WFA,,,,,,,,,,WFA,,,,,,,
WFB,,,,,,,,,,WFB,,,,,,,
WFBC,,,,,,,,,,WFBC,,,,,,,
WFBL,,,,,,,,,,WFBL,,,,,,,
WFBQ,,,,,,,,,,WFBQ,,,,,,,
WFBS,,,,,,,,,,WFBS,,,,,,,
WFBV,,,,,,,,,,WFBV,,,,,,,
WFC,,,,,,,,,,WFC,,,,,,,
WFF,,,,,,,,,,WFF,,,,,,,
WFG,,,,,,,,,,WFG,,,,,,,
WFH,,,,,,,,,,WFH,,,,,,,
WFJ,,,,,,,,,,WFJ,,,,,,,
WFK,,,,,,,,,,WFK,,,,,,,
WFL,,,,,,,,,,WF,,,,,,,
WFLF,,,,,,,,,,WF,,,,,,,
WFN,,,,,,,,,,WFN,,,,,,,
WFS,,,,,,,,,,WFS,,,,,,,
WFT,,,,,,,,,,WFT,,,,,,,
WFTG,,,,,,,,,,WFT,,,,,,,
WFTM,,,,,,,,,,WFTM,,,,,,,
WFTS,,,,,,,,,,WFT,,,,,,,
WFU,,,,,,,,,,WFU,,,,,,,
WFV,,,,,,,,,,WFV,,,,,,,
WFW,,,,,,,,,,WFW,,,,,,,
WG,,,,,,,,,,WG,,,,,,,
WGC,,,,,,,,,,WGC,,,,,,,
WGCB,,,,,,,,,,WGCB,,,,,,,
WGCF,,,,,,,,,,WGCF,,,,,,,
WGCK,,,,,,,,,,WGCK,,,,,,,
WGCT,,,,,,,,,,WGCT,,,,,,,
WGCV,,,,,,,,,,WGCV,,,,,,,
WGF,,,,,,,,,,WGF,,,,,,,
WGG,,,,,,,,,,WGG,,,,,,,
WGGN,,,,,,,,,,WGG,,,,,,,
WGGV,,,,,,,,,,WGGV,,,,,,,
WGM,,,,,,,,,,WGM,,,,,,,
WH,,,,,,,,,,WH,,,,,,,
WHC,,,,,,,,,,XY,,,,,,,
WHG,,,,,,,,,,WHG,,,,,,,
WHJ,,,,,,,,,,WHJ,,,,,,,
WHL,,,,,,,,,,WHL,,,,,,,
WHP,,,,,,,,,,WHP,,,,,,,
WHX,,,,,,,,,,WHX,,,,,,,
WJ,,,,,,,,,,WJ,,,,,,,
WJF,,,,,,,,,,WJF,,,,,,,
WJH,,,,,,,,,,WJH,,,,,,,
WJK,,,,,,,,,,WJK,,,,,,,
WJS,,,,,,,,,,WJS,,,,,,,
WJW,,,,,,,,,,WJW,,,,,,,
WJX,,,,,,,,,,WJX,,,,,,,
WK,,,,,,,,,,WK,,,,,,,
WKD,,,,,,,,,,WKD,,,,,,,
WKDM,,,,,,,,,,WKDM,,,,,,,
WKDW,,,,,,,,,,WKDW,,,,,,,
WKH,,,,,,,,,,WKH,,,,,,,
WKR,,,,,,,,,,WKR,,,,,,,
WM,,,,,,,,,,WM,,,,,,,
WMB,,,,,,,,,,WMB,,,,,,,
WMD,,,,,,,,,,WMD,,,,,,,
WMF,,,,,,,,,,WMF,,,,,,,
WMP,,,,,,,,,,WMP,,,,,,,
WMPC,,,,,,,,,,WMPC,,,,,,,
WMPF,,,,,,,,,,WMPF,,,,,,,
WMPH,,,,,,,,,,WMP,,,,,,,
WMPM,,,,,,,,,,WMP,,,,,,,
WMPS,,,,,,,,,,WMPS,,,,,,,
WMPX,,,,,,,,,,WMQR1,,,,,,,
WMQ,,,,,,,,,,WMQ,,,,,,,
WMQB,,,,,,,,,,WMQB,,,,,,,
WMQF,,,,,,,,,,WMQF,,,,,,,
WMQL,,,,,,,,,,WMQL,,,,,,,
WMQN,,,,,,,,,,WMQN,,,,,,,
WMQP,,,,,,,,,,WMQP,,,,,,,
WMQR,,,,,,,,,,WMQR,,,,,,,
WMQW,,,,,,,,,,WMQW,,,,,,,
WMT,,,,,,,,,,WMT,,,,,,,
WN,,,,,,,,,,WN,,,,,,,
WNA,,,,,,,,,,WNA,,,,,,,
WNC,,,,,,,,,,WNC,,,,,,,
WNCB,,,,,,,,,,WNCB,,,,,,,
WNCF,,,,,,,,,,WNCF,,,,,,,
WNCK,,,,,,,,,,WNCK,,,,,,,
WNCN,,,,,,,,,,WNCN,,,,,,,
WNCS,,,,,,,,,,WNCS,,,,,,,
WNCS1,,,,,,,,,,WNCS1,,,,,,,
WNCS2,,,,,,,,,,WNCS2,,,,,,,
WND,,,,,,,,,,WND,,,,,,,
WNF,,,,,,,,,,WNF,,,,,,,
WNG,,,,,,,,,,WNG,,,,,,,
WNGC,,,,,,,,,,WNGC,,,,,,,
WNGD,,,,,,,,,,WNGD,,,,,,,
WNGD1,,,,,,,,,,WNGD1,,,,,,,
WNGF,,,,,,,,,,WNGF,,,,,,,
WNGH,,,,,,,,,,WNGH,,,,,,,
WNGK,,,,,,,,,,WNGK,,,,,,,
WNGR,,,,,,,,,,WNGR,,,,,,,
WNGS,,,,,,,,,,WNGS,,,,,,,
WNGX,,,,,,,,,,WNGX,,,,,,,
WNH,,,,,,,,,,WNH,,,,,,,
WNP,,,,,,,,,,WNP,,,,,,,
WNR,,,,,,,,,,WNR,,,,,,,
WNW,,,,,,,,,,WNW,,,,,,,
WNWM,,,,,,,,,,WNWM,,,,,,,
WNX,,,,,,,,,,WNX,,,,,,,
WQ,,,,,,,,,,WQ,,,,,,,
WQH,,,,,,,,,,WQH,,,,,,,
WQN,,,,,,,,,,WQN,,,,,,,
WQP,,,,,,,,,,WQP,,,,,,,
WQY,,,,,,,,,,WQY,,,, ,,,
WS,,,,,,,,,,S,,,,,,,
WSB,,,,,,,,,,SCB,,,, ,,,
WSBB,,,,,,,,,,SCBB,,,, ,,,
WSBG,,,,,,,,,,SCBG,,,, ,,,
WSBM,,,,,,,,,,SCBM,,,, ,,,
WSBT,,,,,,,,,,SCBT,,,, ,,,
WSBV,,,,,,,,,,SCBV,,,, ,,,
WSBX,,,,,,,,,,SCX,,,, ,,,
WSC,,,,,,,,,,SCL,,,, ,,,
WSD,,,,,,,,,,SCG,,,, ,,,
WSDF,,,,,,,,,,SCGF,,,, ,,,
WSDP,,,,,,,,,,SCGP,,,, ,,,
WSDX,,,,,,,,,,SCK,,,, ,,,
WSE,,,,,,,,,,SXQ,,,,,,,
WSF,,,,,,,,,,SMC,,,,,,,
WSJ,,,,,,,,,,SF,,,,,,,
WSJA,,,,,,,,,,SFBC,,,,,,,
WSJA1,,,,,,,,,,SFBC,SCBC,,,,,,
WSJC,,,,,,,,,,SFD,,,,,,,
WSJF,,,,,,,,,,SFB,,,,,,,
WSJF1,,,,,,,,,,SFBT,,,,,,,
WSJF2,,,,,,,,,,SFBV,,,,,,,
WSJG,,,,,,,,,,SFH,,,,,,,
WSJH,,,,,,,,,,SFJ,,,,,,,
WSJJ,,,,,,,,,,SFK,,,,,,,
WSJK,,,,,,,,,,SFL,,,,,,,
WSJL,,,,,,,,,,SFBK,,,,,,,
WSJM,,,,,,,,,,SFM,,,,,,,
WSJN,,,,,,,,,,SFN,,,,,,,
WSJQ,,,,,,,,,,SFBF,,,,,,,
WSJR,,,,,,,,,,SFT,,,,,,,
WSJR2,,,,,,,,,,SFTA,,,,,,,
WSJR3,,,,,,,,,,SFTB,,,,,,,
WSJR4,,,,,,,,,,SFTC,,,,,,,
WSJR5,,,,,,,,,,SFTD,,,,,,,
WSJS,,,,,,,,,,SFBD,,,,,,,
WSJT,,,,,,,,,,SFC,,,,,,,
WSJV,,,,,,,,,,SFP,,,,,,,
WSJY,,,,,,,,,,SFV,,,,,,,
WSJZ,,,,,,,,,,SFX,,,,,,,
WSK,,,,,,,,,,SHB,,,,,,,
WSKC,,,,,,,,,,SHBF,,,,,,,
WSKQ,,,,,,,,,,SHBM,,,,,,,
WSL,,,,,,,,,,SHG,,,,,,,
WSM,,,,,,,,,,SHP,,,,,,,
WSN,,,,,,,,,,SK,,,,,,,
WSNB,,,,,,,,,,SKG,,,,,,,
WSNF,,,,,,,,,,SKL,,,,,,,
WSNP,,,,,,,,,,SKR,,,,,,,
WSP,,,,,,,,,,SMF,,,,,,,
WSPC,,,,,,,,,,SMFA,,,,,,,
WSPC1,,,,,,,,,,SMFA,SCBC,,,,,,
WSPG,,,,,,,,,,SMFC,,,,,,,
WSPM,,,,,,,,,,SMFK,,,,,,,
WSQ,,WGCV,,,,,,,,WGD,WGCV,,,,,,
WSQ,WSZ,,,,,,,,,SZD,,,,,,,
WSQ,WT,,,,,,,,,SZD,,,,,,,
WSQ,,,,,,,,,else,SMQ,,,,,,,
WSR,,,,,,,,,,SMX,,,,,,,
WSS,,,,,,,,,,SP,,,,,,,
WSSC,,,,,,,,,,SPC,,,,,,,
WSSC1,,,,,,,,,,SPCA,,,,,,,
WSSG,,,,,,,,,,SPG,,,,,,,
WSSN,,,,,,,,,,SPN,,,,,,,
WSSN1,,,,,,,,,,SPND,,,,,,,
WSSN3,,,,,,,,,,SPNG,,,,,,,
WSSN5,,,,,,,,,,SPNK,,,,,,,
WSSN7,,,,,,,,,,SPNL,,,,,,,
WST,,,,,,,,,,SR,,,,,,,
WSTB,,,,,,,,,,SRB,,,,,,,
WSTC,,,,,,,,,,SRC,,,,,,,
WSTF,,,,,,,,,,SRF,,,,,,,
WSTM,,,,,,,,,,SRM,,,,,,,
WSU,,,,,,,,,,SXB,,,,,,,
WSW,,,,,,,,,,ST,,,,,,,
WSWK,,,,,,,,,,STA,,,,,,,
WSWM,,,,,,,,,,STC,,,,,,,
WSWS,,,,,,,,,,STG,,,,,,,
WSWY,,,,,,,,,,STK,,,,,,,
WSX,,,,,,,,,,SV,,,,,,,
WSXF,,,,,,,,,,SVF,,,,,,,
WSXH,,,,,,,,,,SVH,,,,,,,
WSXR,,,,,,,,,,SVR,,,,,,,
WSXS,,,,,,,,,,SVS,,,,,,,
WSXT,,,,,,,,,,SVT,,,,,,,
WSZ,,,,,,,,,,SZ,,,,,,,
WSZC,,,,,,,,,,SZC,,,,,,,
WSZG,,,,,,,,,,SZG,,,,,,,
WSZK,,,,,,,,,,SZK,,,,,,,
WSZN,,,,,,,,,,SZN,,,,,,,
WSZR,,,,,,,,,,SZR,,,,,,,
WSZV,,,,,,,,,,SZV,,,,,,,
WT,,,,,,,,,,WT,,,,,,,
WTD,,,,,,,,,,WTD,,,,,,,
WTH,WB,,,,,,,,,WTHD,,,,,,,
WTH,,,,,,,,,else,WTH,,,,,,,
WTHA,,,,,,,,,,WTHA,,,,,,,
WTHB,,,,,,,,,,WTHB,,,,,,,
WTHC,,,,,,,,,,WTHC,,,,,,,
WTHF,,,,,,,,,,WTHF,,,,,,,
WTHH,,,,,,,,,,WTHH,,,,,,,
WTHH1,,,,,,,,,,WTHH1,,,,,,,
WTHM,,,,,,,,,,WTHM,,,,,,,
WTHR,,,,,,,,,,WTHR,,,,,,,
WTHT,,,,,,,,,,WTHT,,,,,,,
WTHX,,,,,,,,,,WTHX,,,,,,,
WTK,,,,,,,,,,WTK,,,,,,,
WTL,,,,,,,,,,WTL,,,,,,,
WTLC,,,,,,,,,,WTLC,,,,,,,
WTLP,,,,,,,,,,WTLP,,,,,,,
WTM,,,,,,,,,,WTM,,,,,,,
WTR,,,,,,,,,,WTR,,,,,,,
WTRD,,,,,,,,,,WTRD,,,,,,,
WTRM,,,,,,,,,,WTRM,,,,,,,
WTRS,,,,,,,,,,WTRS,,,,,,,
WZ,,,,,,,,,,WZ,,,,,,,
WZG,,,,,,,,,,WZG,,,,,,,
WZS,,,,,,,,,,WZS,,,,,,,
Y,,,,,,,,,,Y,,,,,,,
YB,,,,,,,,,,YB,,,,,,,
YBC,,,,,,,,,,YBC,,,,,,,
YBCB,,,,,,,,,,YBCB,,,,,,,
YBCH,,,,,,,,,,YBCH,,,,,,,
YBCS,,,,,,,,,,YBCS,,,,,,,
YBG,,,,,,,,,,YBG,,,,,,,
YBGC,,,,,,,,,,YBGC,,,,,,,
YBGK,,,,,,,,,,YBG,,,,,,,
YBGP,,,,,,,,,,YBG,,,,,,,
YBGS,,,,,,,,,,YBG,,,,,,,
YBGT,,,,,,,,,,YBG,,,,,,,
YBGT1,,,,,,,,,,YBG,,,,,,,
YBGT3,,,,,,,,,,YBG,,,,,,,
YBGT5,,,,,,,,,,YBG,,,,,,,
YBGT7,,,,,,,,,,YBG,,,,,,,
YBL,,,,,,,,,,YBL,,,,,,,
YBLA,,,,,,,,,,YBLA,,,,,,,
YBLA1,,,,,,,,,,YBLA,,,,,,,
YBLB,,,,,,,,,,YBLB,,,,,,,
YBLB1,,,,,,,,,,YBLB,,,,,,,
YBLC,,,,,,,,,,YBLC,,,,,,,
YBLD,,,,,,,,,,YBLD,,,,,,,
YBLF,,,,,,,,,,YBLF,,,,,,,
YBLH,,,,,,,,,,YBLH,,,,,,,
YBLJ,,,,,,,,,,YBLJ,,,,,,,
YBLJ1,,,,,,,,,,YBLJ,,,,,,,
YBLN,,,,,,,,,,YBLN,,,,,,,
YBLN1,,,,,,,,,,YBLN1,,,,,,,
YBLP,,,,,,,,,,YBLP,,,,,,,
YBLT,,,,,,,,,,YBLT,,,,,,,
YD,,,,,,,,,,YD,,,,,,,
YDA,,,,,,,,,,YDA,,,,,,,
YDC,,,,,,,,,,YDC,,,,,,,
YDP,,,,,,,,,,YDP,,,,,,,
YF,,,,,,,,,,YF,,,,,,,
YFA,,,,,,,,,,YFA,,,,,,,
YFB,,,,,,,,,,YFB,,,,,,,
YFC,,,,,,,,,,YFC,,,,,,,
YFCB,,,,,,,,,,YFCB,,,,,,,
YFCF,,,,,,,,,,YFCF,,,,,,,
YFD,,,,,,,,,,YFD,,,,,,,
YFG,,,,,,,,,,YFG,,,,,,,
YFH,,,,,,,,,,YFH,,,,,,,
YFHR,,,,,,,,,,YFHR,,,,,,,
YFJ,,,,,,,,,,YFJ,,,,,,,
YFM,,,,,,,,,,YFM,,,,,,,
YFN,,,,,,,,,,YFN,,,,,,,
YFP,,,,,,,,,,YFP,,,,,,,
YFQ,,,,,,,,,,YFQ,,,,,,,
YFR,,,,,,,,,,YFR,,,,,,,
YFS,,,,,,,,,,YFS,,,,,,,
YFT,,,,,,,,,,YFT,,,,,,,
YFU,,,,,,,,,,YFU,,,,,,,
YFW,,,,,,,,,,XA,,,,,,,
YFY,,,,,,,,,,YFY,,,,,,,
YN,,,,,,,,,,YN,,,,,,,
YNA,,,,,,,,,,YNA,,,,,,,
YNC,,,,,,,,,,YNC,,,,,,,
YNCP,,,,,,,,,,YNC,,,6PB,,,,
YND,,,,,,,,,,YND,,,,,,,
YNDB,,,,,,,,,,YNDB,,,,,,,
YNDS,,,,,,,,,,YNDS,,,,,,,
YNF,,,,,,,,,,YNF,,,,,,,
YNG,,,,,,,,,,YNG,,,,,,,
YNGL,,,,,,,,,,YNGL,,,,,,,
YNH,,,,,,,,,,YNH,,,,,,,
YNJ,,,,,,,,,,YNJ,,,,,,,
YNK,,,,,,,,,,YNK,,,,,,,
YNL,,,,,,,,,,YNL,,,,,,,
YNM,,,,,,,,,,YNM,,,,,,,
YNN,,,,,,,,,,YNN,,,,,,,
YNNA,,,,,,,,,,YNNA,,,,,,,
YNND,,,,,,,,,,YNNH,,,,,,,
YNNF,,,,,,,,,,YNNF,,,,,,,
YNNR,,,,,,,,,,YNNB,,,,,,,
YNP,,,,,,,,,,YNP,,,,,,,
YNPC,,,,,,,,,,YNPC,,,,,,,
YNPG,,,,,,,,,,YNNT,YNP,,,,,,
YNPH,,,,,,,,,,YNPH,,,,,,,
YNPK,,,,,,,,,,YNPK,,,,,,,
YNR,,YQRC,,,,,,,,YNRM,YPJN4,,,,,,
YNR,,YQRN,,,,,,,,YNRR,YPJN9,,,,,,
YNR,,YQRN1,,,,,,,,YNRJ,YPJN3,,,,,,
YNR,,YQRN2,,,,,,,,YNRP,YPJN5,,,,,,
YNR,,YQRN3,,,,,,,,YNRD,YPJN1,,,,,,
YNR,,YQRN4,,,,,,,,YNRF,YPJN2,,,,,,
YNR,,,,,,,,,else,YNR,,,,,,,
YNRB,,,,,,,,,,YNRM,,,,,,,
YNT,,,,,,,,,,YNT,,,,,,,
YNTB,,,,,,,,,,YNTP,,,,,,,
YNTR,,,,,,,,,,YNTR,,,,,,,
YNTS,,,,,,,,,,YNNZ,,,,,,,
YNU,,,,,,,,,,YNU,,,,,,,
YNUC,,,,,,,,,,YNUC,,,,,,,
YNV,,,,,,,,,,YNV,,,,,,,
YNVP,,,,,,,,,,YNVP,,,,,,,
YNVU,,,,,,,,,,YNVU,,,,,,,
YNW,,,,,,,,,,YNW,,,,,,,
YNWA,,,,,,,,,,YNWD1,,,,,,,
YNWB,,,,,,,,,,YNWD7,,,,,,,
YNWC,,,,,,,,,,YNWD5,,,,,,,
YNWG,,,,,,,,,,YNWG,,,,,,,
YNWW,,,,,,,,,,YNWW,,,,,,,
YNWY,,,,,,,,,,YNWY,,,,,,,
YNX,,,,,,,,,,YNX,YNXB,,,,,,
YNXF,,,,,,,,,,YNXF,,,,,,,
YNXW,,,,,,,,,,YNXW,,,,,,,
YQ,,,,,,,,,,YP,,,,,,,
YQA,,YNPH,,,,,,,,YPAK,,,,,,,
YQA,,,,,,,,,else,YPAB,,,,,,,
YQB,,,,,,,,,,YPAD,,,,,,,
YQC,,,,,,,,,,YPCA,,,2ACB,,,,
YQCR,,,,,,,,,,YPCA21,,,2ACB,,,,
YQCR5,,,,,,,,,,YPCA21,,,2ACB,,,,
YQCS,,,,,,,,,,YPCA2,,,2ACB,,,,
YQCS1,,,,,,,,,,YPCA22,,,,,,,
YQCS5,,,,,,,,,,YPCA2,,,2ACB,,,,
YQD,,,,,,,,,,YPAF,,,,,,,
YQE,,,,,,,,,,YPCA9,,,2ACB,,,,
YQEF,,,,,,,,,,YPCA91,,,,,,,
YQES,,,,,,,,,,YPCA91,,,5PX-GB-S,,,,
YQF,,,,2ADL,,,,,,YPCS,,,,,,,
YQF,,,,2AHA,,,,,,YPCS,,,,,,,
YQF,,,,2AHB,,,,,,YPCS,,,,,,,
YQF,,,,2BBA,,,,,,YPCS,,,,,,,
YQF,,,,2BBP,,,,,,YPCS,,,,,,,
YQF,,,,,,,,,else,YPCK,,,,,,,
YQFL,,,,2ADL,,,,,,YPCS9,,,,,,,
YQFL,,,,2AHA,,,,,,YPCS9,,,,,,,
YQFL,,,,2AHB,,,,,,YPCS9,,,,,,,
YQFL,,,,2BBA,,,,,,YPCS9,,,,,,,
YQFL,,,,2BBP,,,,,,YPCS9,,,,,,,
YQFL,,,,,,,,,else,YPCK9,,,,,,,
YQG,,,,,,,,,,YPJT,,,,,,,
YQH,,,,,,,,,,YPJH,,,,,,,
YQJ,,,,,,,,,,YPJJ,,,,,,,
YQJP,,,,,,,,,,YPJJ5,,,,,,,
YQM,,,,,,,,,,YPMF,,,,,,,
YQMT,,,,,,,,,,YPMF1,,,,,,,
YQN,,,,,,,,,,YPJJ3,,,,,,,
YQNP,,,,,,,,,,YPJJ6,,,,,,,
YQR,,,,,,,,,,YPJN,,,,,,,
YQRA,,,,,,,,,,YP,,,,,,,
YQRC,,,,,,,,,,YPJN4,,,,,,,
YQRN,,,,,,,,,,YPJN9,,,,,,,
YQRN1,,,,,,,,,,YPJN3,,,,,,,
YQRN2,,,,,,,,,,YPJN5,,,,,,,
YQRN3,,,,,,,,,,YPJN1,,,,,,,
YQRN4,,,,,,,,,,YPJN2,,,,,,,
YQS,,,,,,,,,,YPMP,,,,,,,
YQSB,,,,,,,,,,YPMP1,,,,,,,
YQSC,,,,,,,,,,YPMP3,,,,,,,
YQSP,,,,,,,,,,YPMP5,,,,,,,
YQT,,,,,,,,,,YPMT,,,,,,,
YQTD,,,,,,,,,,YPMT2,,,,,,,
YQTF,,,,,,,,,,YPMT2,,,,,,,
YQTU,,,,,,,,,,YPMT6,,,,,,,
YQV,,,,,,,,,,YPJV,,,,,,,
YQW,,,,,,,,,,YPWF,,,,,,,
YQX,,,,,,,,,,YPWL,,,,,,,
YQY,,YNTB,,,,,,,,YPWD,,,,,,,
YQY,,YNTR,,,,,,,,YPWG,,,,,,,
YQY,,,,,,,,,else,YPWC,,,,,,,
YQZ,,,,,,,,,,YPZ,,,,,,,
YR,,,,,,,,,,YR,,,,,,,
YRD,,,,,,,,,,YRD,,,,,,,
YRDC,,,,,,,,,,YRDC,,,,,,,
YRDL,,,,,,,,,,YRDL,,,,,,,
YRE,,,,,,,,,,YRE,,,,,,,
YRG,,,,,,,,,,YRG,,,,,,,
YRW,,,,,,,,,,YRW,,,,,,,
YX,,,,,,,,,,YX,,,,,,,
YXA,,,,,,,,,,YXA,,,,,,,
YXAX,,,,,,,,,,YXAX,,,,,,,
YXC,,,,,,,,,,YXQ,,,,,,,
YXF,,,,,,,,,,YXF,,,,,,,
YXFD,,,,,,,,,,YXFD,,,,,,,
YXFM,,,,,,,,,,YXFR,,,,,,,
YXFT,,,,,,,,,,YXHY,,,,,,,
YXG,,,,,,,,,,YXG,,,,,,,
YXJ,,,,,,,,,,YXJ,,,,,,,
YXK,,,,,,,,,,YXK,,,,,,,
YXL,,,,,,,,,,YXD,,,,,,,
YXN,,,,,,,,,,YXN,,,,,,,
YXS,,,,,,,,,,YXHL,,,,,,,
YXT,,,,,,,,,,YXT,,,,,,,
YXV,,,,,,,,,,YXV,,,,,,,
YXZ,,,,,,,,,,YXZ,,,,,,,
YXZG,,,,,,,,,,YXZG,,,,,,,
YXZR,,,,,,,,,,YXZR,,,,,,,
YXZW,,,,,,,,,,YXZW,,,,,,,
YZ,,,,,,,,,,YZ,,,,,,,
